ID,JPG_ID,Lat,Lng,Q1_Text,Q1_Type,Q2_Order,Q3_Access,Q4_Aesth,Q5_Eco,Q6_Enclo,Q7_Richness,Q8_Scale,wall,building,sky,tree,road,sidewalk,grass,earth,signboard,plant,fence,streetlight,mountain,railing,column,bridge,water,ashcan,awning,windowpane,skyscraper,ct_person,ct_bicycle,ct_car,ct_motorcycle,ct_truck,ct_traffic light,ct_bus,ct_bench,ct_boat,ct_stop sign,ct_parking meter,ct_dining table
0,0,52.51153999,13.30502164,Comm,2,4,5,3,2,3,4,4,0.002605,0.17114100000000002,0.189527,0.190051,0.350102,0.011617,0.0,0.0,0.0,0.0,0.0,0.0,0.0,0.0,0.0,0.0,0.0,0.0,0.0,0.0,0.0,5,2,36,1,1,0,0,0,0,0,0,0
1,1,52.41760171,13.14023839,Rural,5,3,2,3,4,2,1,2,0.0,0.0,0.127801,0.392734,0.307738,0.0,0.113199,0.046516,0.000727,0.0,0.0,0.0,0.0,0.0,0.0,0.0,0.0,0.0,0.0,0.0,0.0,1,0,2,0,0,0,0,0,0,0,0,0
2,3,52.54634181,13.50876306,Subur,3,3,2,2,2,1,3,1,0.0,0.014218999999999999,0.316996,0.185371,0.36216,0.000852,0.012609,0.07608200000000001,0.000285,0.0,0.016055,0.000781,0.0,0.0,0.0,0.0,0.0,0.0,0.0,0.0,0.0,2,0,16,0,1,0,0,0,0,0,0,0
3,5,52.48884083,13.41952728,Resi,0,3,4,3,3,3,4,5,0.0023710000000000003,0.266027,0.066969,0.257957,0.26171500000000003,0.000266,0.0,0.0,0.001094,0.033434,0.0,0.0,0.0,0.0,0.0,0.0,0.0,0.0,0.0,0.0,0.0,1,6,18,0,0,0,0,0,0,0,0,0
4,6,52.40605961,13.50289495,Rural,5,3,3,2,5,3,2,2,0.002168,0.003012,0.327094,0.21568400000000001,0.12216800000000001,0.0,0.004190999999999999,0.000352,0.0,0.24405100000000002,0.0033090000000000003,0.0,0.0,0.0,0.0,0.0,0.0,0.0,0.0,0.0,0.0,2,0,2,0,0,0,0,0,0,0,0,0
5,7,52.5485512,13.3364437,Resi,0,3,2,2,4,4,2,4,0.0,0.134324,0.19176600000000002,0.282523,0.203977,0.088133,0.004059,0.001801,0.0032340000000000003,0.044812,0.041578,0.001199,0.0,0.0,0.0,0.0,0.0,0.0,0.0,0.0,0.0,0,0,2,0,0,0,0,0,0,0,0,0
6,10,52.508113699999996,13.232141500000001,Resi,0,3,3,4,4,3,5,4,0.004418,0.075797,0.187301,0.260348,0.196406,0.052003999999999995,0.00040199999999999996,0.009086,0.0,0.063949,0.039898,0.0,0.0,0.0,0.0,0.0,0.0,0.0,0.0,0.0,0.0,1,0,12,0,0,0,0,0,0,0,0,0
7,11,52.50347345,13.30822215,Comm,2,4,5,5,3,3,5,5,0.0,0.241031,0.091727,0.253629,0.271285,0.006852,0.0,0.0,0.0,0.0,0.0,0.0,0.0,0.0,0.0,0.0,0.0,0.0,0.0,0.0,0.0,2,2,21,2,1,0,1,0,0,0,0,0
8,15,52.591796499999994,13.3924103,Resi,0,3,3,3,4,3,4,4,0.010690999999999999,0.203039,0.11784800000000001,0.277094,0.20808600000000002,0.002242,0.115402,0.002129,0.0,0.003414,0.001719,0.0,0.0,0.0,0.0,0.0,0.0,0.0,0.0,0.0,0.0,0,0,5,0,0,0,0,0,0,0,0,0
9,17,52.498746700000005,13.418166500000002,Comm,2,2,4,3,3,3,4,3,0.0,0.12220299999999999,0.216164,0.17468399999999998,0.32769499999999996,0.008379000000000001,0.005945000000000001,0.091801,0.008824,0.000633,0.004508,0.0,0.0,0.01198,0.0,0.0,0.0,0.0,0.0,0.0,0.0,8,3,9,0,0,0,2,3,0,0,0,0
10,19,52.5021292,13.3421723,Comm,2,4,3,4,1,3,4,4,0.003926,0.375836,0.14498,0.053952999999999994,0.338887,0.018637,0.002215,0.046262,0.007426,0.0,0.007879,0.0,0.0,0.0,0.0,0.0,0.0,0.0,0.0,0.0,0.0,7,0,1,0,0,0,0,2,1,0,0,0
11,20,52.51772993,13.32870623,Subur,3,2,3,2,3,1,5,3,0.021637,0.026926,0.35230500000000003,0.198062,0.21781599999999998,0.0034770000000000005,0.0,0.018664,0.0,0.008609,0.01734,0.000793,0.0,0.0,0.0,0.0,0.0,0.0,0.0,0.0,0.0,1,0,17,0,1,0,0,0,1,0,0,0
12,21,52.47480668,13.45935791,Subur,3,3,2,1,3,2,3,3,0.0041600000000000005,0.10740999999999999,0.344723,0.082648,0.369176,0.0038520000000000004,0.000535,0.0017460000000000002,0.0,0.065336,0.000617,0.0,0.0,0.0,0.0,0.0,0.0,0.0,0.0,0.0,0.0,1,0,10,0,2,0,0,0,1,0,0,0
13,22,52.484743,13.4225392,Resi,0,3,5,2,2,4,2,4,3.9e-05,0.20958200000000002,0.0635,0.310332,0.253105,0.0,0.0,0.0,0.0,0.0,0.0,0.0,0.0,0.032969,0.0,0.0,0.0,0.0,0.0,0.0,0.0,0,0,25,1,0,0,0,0,0,0,0,0
14,24,52.4886789,13.3071856,Comm,2,4,4,3,3,2,3,3,0.003336,0.014062,0.20363299999999998,0.317531,0.335449,0.0019140000000000001,0.040141,0.000414,0.0,0.0,0.0014140000000000001,0.0,0.0,0.0,0.0,0.0,0.0,0.0,0.0,0.0,0.0,0,0,26,0,0,0,0,1,0,0,0,0
15,25,52.5397346,13.2868951,Resi,0,3,3,3,3,4,3,3,0.0,0.08851200000000001,0.234375,0.229273,0.262113,0.049668000000000004,0.022105,0.024097999999999998,0.0,0.01341,0.0,0.0,0.0,0.0,0.0,0.0,0.0,0.0,0.0,0.0,0.0,0,0,27,0,1,2,0,0,0,0,0,0
16,29,52.44247408,13.45201242,Resi,0,4,2,2,4,3,2,4,0.0051329999999999995,0.15248,0.08414500000000001,0.33893,0.21403899999999998,0.005023,0.030050999999999998,0.077973,0.006285,0.037812,0.0,0.0,0.0,0.0,0.0,0.0,0.0,0.0,0.0,0.0,0.0,0,0,10,0,0,0,0,0,0,0,0,0
17,30,52.52854165,13.31503589,Subur,3,4,4,5,3,3,2,4,0.0,0.058363,0.063387,0.491238,0.265531,0.005336,0.0,0.061312,0.0,0.0,0.005637,0.0,0.0,0.0,0.0,0.015406,0.0,0.0,0.0,0.0,0.0,0,0,13,0,0,0,0,0,0,0,0,0
18,34,52.52818648,13.56564516,Rural,5,2,1,2,3,2,1,2,0.0,0.000258,0.281211,0.281609,0.32456599999999997,0.006672,0.043809,0.051445000000000005,0.000375,0.0,0.003195,2e-05,0.0,0.0,0.0,0.0,0.0,0.0,0.0,0.0,0.0,0,0,10,0,1,0,0,0,0,0,0,0
19,37,52.56229348,13.45873504,Comm,2,3,3,2,2,2,4,3,0.021394999999999997,0.138094,0.345926,0.021148,0.367109,0.004715,0.001852,0.014121000000000002,0.017195,0.02023,0.005418,0.000285,0.0,0.0,0.0,0.0,0.0,0.0,0.0,0.0,0.0,0,0,8,0,0,0,0,0,0,0,0,0
20,40,52.4323348,13.454590900000001,Subur,3,2,4,3,4,3,2,3,0.0,0.020538999999999998,0.144293,0.38318800000000003,0.317301,0.03827,0.018695,0.007245999999999999,0.006922,0.023543,0.0,0.0009960000000000001,0.0,0.0,0.0,0.0,0.0,0.0,0.0,0.0,0.0,1,0,13,0,1,0,0,0,0,0,0,0
21,41,52.57344345,13.21249244,Offi,1,3,3,3,5,3,3,3,0.0,0.057214999999999995,0.09478500000000001,0.43193000000000004,0.270242,0.0,0.000711,0.118699,0.001375,0.000164,0.0,0.0,0.0,0.0,0.0,0.0,0.0,0.0,0.0,0.0,0.0,1,0,14,0,2,0,0,0,0,0,0,0
22,42,52.45492186,13.28522137,Resi,0,4,3,4,5,2,3,5,0.015719,0.019312,0.173848,0.343785,0.257715,0.066098,0.08622300000000001,0.00148,0.001641,0.0,0.001348,0.0,0.0,0.020875,0.0,0.0,0.0,0.0,0.0,0.0,0.0,0,0,2,0,0,0,0,0,0,0,0,0
23,45,52.39628039,13.39968493,Resi,0,5,4,4,3,4,4,5,0.0045780000000000005,0.016784999999999998,0.077129,0.381281,0.302809,0.046926,0.0,6.2e-05,0.0,0.048242,0.030777,0.0,0.0,0.0,0.0,0.0,0.0,0.0,0.0,0.0,0.0,0,0,7,0,0,0,0,0,0,0,0,0
24,46,52.54899121,13.376298199999999,Comm,2,2,2,3,1,1,3,3,4e-06,0.032855,0.32227,0.11003900000000001,0.317758,0.022809,0.064625,0.0,0.057398000000000005,0.01757,3.5e-05,2e-05,0.0,0.0,0.0,0.0,0.0,0.0,0.0,0.0,0.0,3,0,11,0,2,0,0,1,0,1,0,0
25,47,52.42487177,13.48026428,Offi,1,3,4,3,2,3,3,2,0.0,0.179848,0.12121099999999999,0.236875,0.288398,0.006359,0.060770000000000005,0.0,0.0,0.004695,0.0,0.000891,0.0,0.0,0.0,0.0,0.0,0.0,0.0,0.0,0.0,4,0,21,1,0,0,0,0,0,0,0,0
26,49,52.50106588,13.35651969,Subur,3,2,4,4,4,5,3,4,0.030387,0.007887,0.089367,0.418055,0.269414,0.017566,0.0037770000000000004,0.0,0.0,0.007776999999999999,0.015581999999999999,0.0,0.0,0.042441,0.0,0.0,0.0,0.0,0.0,0.0,0.0,5,3,12,0,1,0,0,0,0,0,0,0
27,50,52.451593200000005,13.449302900000001,Resi,0,2,3,2,3,3,4,3,0.00044500000000000003,0.359047,0.25492600000000004,0.019855,0.241062,0.011855,0.0,0.0,0.000414,0.021312,0.0,0.000688,0.0,0.0,0.0,0.0,0.0,0.0,0.0,0.0,0.0,2,3,11,0,1,0,0,0,0,0,0,0
28,52,52.5384713,13.360179500000001,Offi,1,3,3,3,4,3,3,4,0.0,0.068758,0.166543,0.349848,0.23531999999999997,0.001906,0.0005780000000000001,0.0,0.0,0.018172,0.0,0.0,0.0,0.0,0.0,0.0,0.0,0.0,0.0,0.0,0.0,0,0,20,0,0,0,0,0,0,0,0,0
29,53,52.5456255,13.356385399999999,Offi,1,3,3,2,2,2,3,3,0.01168,0.230277,0.268617,0.061301,0.293844,0.020359,0.000695,0.0,0.0,0.015227000000000001,0.000156,0.0,0.0,0.0,0.0,0.0,0.0,0.0,0.0,0.0,0.0,1,0,16,0,0,0,0,0,0,0,0,0
30,56,52.52274820000001,13.4499155,Resi,0,4,3,1,2,3,3,3,0.0,0.30268,0.225504,0.010902,0.368582,0.009000000000000001,0.0,0.000324,0.000125,0.0,0.039495999999999996,0.005164,0.0,0.0,0.0,0.0,0.0,0.0,0.0,0.0,0.0,4,1,27,1,1,0,0,0,0,0,0,0
31,57,52.53730254,13.38218328,Subur,3,3,4,3,4,3,3,3,0.020441,0.0,0.190805,0.351234,0.247379,0.000398,0.007659999999999999,0.131773,0.0,0.002301,0.001648,0.0,0.0,0.014847999999999998,0.0,0.0,0.0,0.0,0.0,0.0,0.0,0,0,8,0,0,0,0,0,0,0,0,0
32,58,52.419422,13.158062,Subur,3,3,3,2,3,2,3,1,0.018312000000000002,0.025733999999999996,0.253621,0.244,0.410129,0.011285,0.007203,0.002219,0.003781,0.005441,0.00159,0.005266,0.0,9.4e-05,0.0,0.0,0.0,0.0,0.0,0.0,0.0,1,1,9,0,0,0,0,0,0,0,0,0
33,59,52.44649634,13.44597303,Subur,3,3,3,3,4,5,4,4,0.00125,0.218477,0.146754,0.237715,0.133934,0.040648000000000004,0.118074,0.0,0.0,0.015879,0.0,0.0,0.0,0.0,0.0,0.0,0.0,0.0,0.0,0.0,0.0,0,0,6,0,2,0,0,0,0,0,0,0
34,63,52.425273499999996,13.239059,Subur,3,2,3,2,2,2,2,2,0.0,0.003207,0.285688,0.252137,0.241637,0.0,0.031344,0.149234,0.001121,0.0,0.013944999999999999,0.0,0.0,0.0,0.0,0.0,0.0,0.0,0.0,0.0,0.0,3,0,9,0,1,0,0,0,0,0,0,0
35,66,52.49817624,13.51036295,Resi,0,4,4,2,4,2,2,4,0.0,0.19372999999999999,0.165422,0.177062,0.20681999999999998,0.095391,0.0165,0.0011480000000000001,0.002281,0.013387,0.0,0.0,0.0,0.0,0.0,0.0,0.0,0.0,0.0,0.0,0.0,0,0,8,1,0,0,0,0,2,0,0,0
36,72,52.55748103,13.51836265,Rural,5,1,2,2,4,2,3,3,0.005582,0.0,0.321961,0.24140599999999998,0.282812,0.00484,0.086332,0.027483999999999998,0.0,0.00343,0.00023799999999999998,0.0,0.0,0.0,0.0,0.0,0.0,0.0,0.0,0.0,0.0,1,0,3,0,0,0,0,0,0,0,0,0
37,74,52.4473681,13.44096331,Rural,5,3,2,4,4,4,2,3,0.000723,0.0,0.032031,0.508941,0.198098,0.038945,0.0017109999999999998,0.185555,0.0,0.033996,0.0,0.0,0.0,0.0,0.0,0.0,0.0,0.0,0.0,0.0,0.0,0,0,0,0,0,0,0,0,0,0,0,0
38,75,52.43386921,13.46043323,Rural,5,2,5,3,5,3,2,2,0.000758,0.000215,0.199773,0.332977,0.24892199999999998,0.0,0.035934,0.12753499999999998,0.001188,0.013288999999999999,0.0,0.002219,0.0,0.0,0.0,0.0,0.0,0.0,0.0,0.0,0.0,0,0,7,0,1,0,0,0,0,0,0,0
39,78,52.62023855,13.49784743,Rural,5,3,2,4,5,4,3,4,0.0017230000000000001,0.0,0.246594,0.392574,0.09496900000000001,0.0,0.074887,0.016988,0.0,0.168098,0.000512,0.0,0.0,0.0,0.0,0.0,0.0,0.0,0.0,0.0,0.0,0,0,0,0,0,0,0,0,0,0,0,0
40,80,52.426286100000006,13.212197699999999,Subur,3,3,4,4,4,3,2,2,0.0,0.005113,0.118461,0.4005,0.287973,0.011949,0.11903499999999999,0.0,0.0,0.044879,0.0,0.000766,0.0,0.0,0.0,0.0,0.0,0.0,0.0,0.0,0.0,0,0,6,0,1,0,0,0,1,0,0,0
41,82,52.4325187,13.485091899999999,Resi,0,4,4,2,3,2,3,3,0.0,0.02298,0.259297,0.288312,0.20888299999999999,0.180141,0.0,0.0,0.0,0.005957,0.000109,0.0,0.0,0.030004000000000003,0.0,0.0,0.0,0.0,0.0,0.0,0.0,0,0,2,0,0,0,0,0,0,0,0,0
42,85,52.59305820000001,13.4533296,Resi,0,2,5,3,5,5,4,4,0.0008869999999999999,0.070887,0.094266,0.36916,0.017066,0.0,0.052332000000000004,0.10491400000000001,0.0,0.046695,0.021363,0.006441,0.0,0.0,0.0,0.0,0.0,0.0,0.0,0.0,0.0,5,0,5,0,0,0,0,2,0,0,0,0
43,87,52.578612199999995,13.425406200000001,Resi,0,5,2,2,2,4,2,3,0.016258,0.191305,0.090371,0.297863,0.234746,0.005211,0.023387,0.0,0.0,0.014491999999999998,0.0,0.0,0.0,0.0,0.0,0.0,0.0,0.0,0.0,0.0,0.0,0,0,7,0,0,0,0,0,0,0,0,0
44,90,52.59827125,13.3609745,Resi,0,4,4,4,4,3,4,5,0.0,0.068777,0.030050999999999998,0.45903900000000003,0.32898,0.012297,0.007469,0.0,0.0,0.028995999999999997,0.0,0.0,0.0,0.0,0.0,0.0,0.0,0.0,0.0,0.0,0.0,1,0,37,0,1,0,1,0,0,0,0,0
45,93,52.44391668,13.28910378,Resi,0,3,3,2,3,2,5,4,0.0,0.07634400000000001,0.221348,0.22916,0.37451599999999996,0.004203,0.058203,0.0,5.1e-05,0.017965000000000002,1.2e-05,0.0,0.0,0.0,0.0,0.0,0.0,0.0,0.0,0.0,0.0,0,2,15,2,1,0,1,0,0,0,0,0
46,94,52.5291231,13.416275699999998,Resi,0,3,4,3,3,4,4,3,0.033254,0.153461,0.20979699999999998,0.203402,0.304125,0.018331999999999998,0.0,0.0,0.002238,0.0,0.0,0.0,0.020992,0.0,0.0,0.0,0.0,0.0,0.0,0.0,0.0,5,2,19,0,0,0,0,0,0,0,0,0
47,103,52.44714984,13.29740285,Subur,3,3,2,2,2,1,3,3,0.0,0.030648,0.194352,0.313094,0.337383,3.5e-05,0.022062000000000002,0.0,0.000371,0.0,0.0,8e-06,0.0,0.0,0.0,0.0,0.0,0.0,0.0,0.0,0.0,3,0,34,0,0,0,0,0,0,0,0,0
48,106,52.51963673,13.62387817,Resi,0,3,2,3,3,3,4,4,0.004945000000000001,0.146582,0.060055,0.349734,0.206531,0.072336,0.0,0.08215599999999999,0.0014609999999999998,0.068387,0.0,0.001254,0.0005200000000000001,0.0,0.0,0.0,0.0,0.0,0.0,0.0,0.0,1,0,5,0,1,0,0,0,0,0,0,0
49,108,52.50503846,13.34367384,Offi,1,3,4,4,4,3,5,3,0.0037189999999999996,0.147098,0.076477,0.31905100000000003,0.281117,0.054792999999999994,0.004902,0.0,0.0,0.031238,0.0,0.009016,0.0,0.0,0.0,0.0,0.0,0.0,0.0,0.0,0.0,1,7,21,0,0,1,0,0,0,0,0,0
50,110,52.60727837,13.30383657,Resi,0,1,4,2,4,3,3,3,0.0,0.0,0.165758,0.34219099999999997,0.116355,0.0,0.021973,0.134438,0.0,0.034508,0.036531,0.0,0.0,0.0,0.0,0.0,0.0,0.0,0.0,0.0,0.0,0,0,4,0,0,0,0,0,0,0,0,0
51,112,52.41888712,13.40335984,Resi,0,3,4,2,3,4,2,4,0.0,0.009281000000000001,0.149176,0.370621,0.143031,0.0,0.044527,0.011148,0.0,0.066734,0.0,0.0,0.0,0.0,0.0,0.0,0.0,0.0,0.0,0.0,0.0,2,0,15,2,0,0,0,1,0,0,0,0
52,115,52.4749394,13.304960399999999,Resi,0,3,4,4,3,4,3,4,0.0,0.132941,0.023953,0.428203,0.272559,0.00418,0.049891000000000005,0.0,0.0,0.0015660000000000001,0.0,0.0,0.0,0.0,0.0,0.0,0.0,0.0,0.0,0.0,0.0,1,0,16,0,2,0,0,0,3,0,0,0
53,120,52.46042226,13.70631492,Rural,5,2,3,2,5,5,1,3,0.0,0.0,0.044277,0.5365270000000001,0.142449,0.0,0.0,0.253449,0.0,0.0,0.0,0.0,0.012535,0.0,0.0,0.0,0.0,0.0,0.0,0.0,0.0,1,0,0,0,0,0,0,0,0,0,0,0
54,121,52.43905488,13.34067548,Resi,0,3,5,4,3,4,5,3,0.00359,0.192449,0.107074,0.234488,0.175234,1.2e-05,0.04698,0.0,0.0,0.0,0.026164,0.0,0.0,0.0,0.0,0.0,0.0,0.0,0.0,0.0,0.0,1,0,10,0,2,0,0,1,2,0,0,0
55,123,52.509828399999996,13.4906492,Offi,1,3,2,1,1,1,2,2,0.07561699999999999,0.254918,0.28231999999999996,0.0009019999999999999,0.33157,0.041714999999999995,0.0,0.001258,0.000605,0.0,0.008418,0.0,0.0,0.0,0.0,0.0,0.0,0.0,0.0,0.0,0.0,0,0,6,1,1,0,0,0,0,0,0,0
56,124,52.46943934,13.3405888,Resi,0,3,1,3,2,2,2,1,0.019453,0.047527,0.395965,0.17386300000000002,0.29839499999999997,0.022867,0.0,0.0,0.000605,0.0,0.039969,0.0,0.0,0.000172,0.0,0.0,0.0,0.0,0.0,0.0,0.0,0,0,4,0,0,0,0,0,0,0,0,0
57,125,52.4386177,13.590988199999998,Subur,3,5,2,4,4,4,2,1,0.0,0.000344,0.137578,0.450996,0.310289,0.0,0.040273,0.059582,0.0,0.0,0.0005269999999999999,0.0,0.0,0.0,0.00041,0.0,0.0,0.0,0.0,0.0,0.0,2,0,5,0,0,0,0,0,0,0,0,0
58,127,52.56943670000001,13.306668300000002,Subur,3,3,2,2,3,2,3,1,0.0,0.039234,0.25282,0.32105900000000004,0.309199,0.0,0.000277,0.037012,0.0,0.0,0.032305,2.7000000000000002e-05,0.0,0.0,0.0,0.005383,0.0,0.0,0.0,0.0,0.0,1,0,4,0,0,0,0,0,1,0,0,0
59,129,52.5354174,13.6207595,Resi,0,4,4,3,1,4,3,3,0.000121,0.398008,0.178984,0.02084,0.16528099999999998,0.136633,0.0,0.0,0.0,0.0,0.0,0.0,0.0,0.0,0.0,0.0,0.0,0.0,0.0,0.0,0.0,0,0,16,1,0,0,0,0,0,0,0,0
60,130,52.429581400000004,13.524590099999998,Offi,1,2,4,2,2,1,3,2,0.0,0.085648,0.406359,0.033457,0.273965,0.001289,0.043254,0.019371,0.0018399999999999998,0.0,0.0,0.0,0.0,0.0,0.0,0.0,0.0,0.0,0.0,0.0,0.0,3,0,19,0,1,0,0,0,0,0,0,0
61,133,52.42859549,13.51191919,Subur,3,3,2,1,1,4,2,1,0.059043,0.18023,0.453078,0.0,0.085785,0.0,0.0,0.001289,0.0,0.004098,0.0295,0.0,0.00173,0.03427,0.0,0.038344,0.000789,0.0,0.0,0.0,0.0,1,0,1,0,0,0,0,0,0,0,0,0
62,145,52.52531742,13.479243700000001,Resi,0,2,4,4,3,2,1,2,0.0,0.012766,0.14086300000000002,0.417207,0.256883,0.0,0.059391,0.000223,1.6e-05,0.0,0.006,0.0,0.0,0.0,0.0,0.0,0.0,0.0008320000000000001,0.0,0.0,0.0,4,0,13,0,0,0,0,0,1,0,0,0
63,153,52.50517419,13.58279013,Subur,3,2,2,2,2,2,3,2,0.004469,0.054140999999999995,0.384766,0.06980499999999999,0.33726999999999996,0.011281,0.033016000000000004,3.5e-05,0.05505499999999999,0.0020350000000000004,0.001789,0.001492,0.0,0.0,0.0,0.0,0.0,0.0,0.0,0.0,0.0,3,0,4,0,0,0,0,0,0,0,0,0
64,154,52.5255325,13.465478200000002,Offi,1,3,3,2,2,2,4,3,0.012891,0.21821100000000002,0.14873,0.181508,0.36139099999999996,0.004738,0.0,0.016898,0.0,0.0,0.00093,0.0,0.0,0.0,0.0,0.0,0.0,0.0,0.0,0.0,0.0,2,0,12,0,0,0,0,1,1,0,0,0
65,155,52.57857681,13.29730126,Rural,5,4,1,2,5,2,2,2,0.0,0.000566,0.21630100000000002,0.392734,0.22553099999999998,0.0,0.0,0.142281,0.0,0.0,0.012148,0.0,0.0,0.0,0.0,0.0,0.0,0.0,0.0,0.0,0.0,0,0,0,0,0,0,0,0,0,0,0,0
66,157,52.42711437,13.67249521,Rural,5,2,2,3,4,4,1,2,0.0,0.0,0.153777,0.38204699999999997,0.082195,0.0,0.057645,0.14607799999999999,0.003992,0.172449,0.0,0.0,0.0,0.0,0.0,0.0,0.0,0.0,0.0,0.0,0.0,0,0,5,0,0,0,0,0,0,0,0,0
67,158,52.45110160000001,13.4493831,Resi,0,3,3,3,3,3,2,2,0.0,0.200641,0.250668,0.109527,0.268418,0.057526999999999995,0.000684,0.0,0.0,0.050758,0.0,0.0,0.0,0.0,0.0,0.0,0.0,0.0,0.0,0.0,0.0,0,0,19,1,0,0,1,0,0,0,0,0
68,160,52.4756644,13.2941385,Resi,0,3,4,3,3,4,5,5,0.013844,0.036195,0.007734,0.5260859999999999,0.169828,0.092574,0.014121000000000002,0.0,0.0,0.017273,0.0,0.0,0.0,0.0,0.0,0.0,0.0,0.0,0.0,0.0,0.0,1,0,20,0,0,0,0,0,0,0,0,0
69,161,52.55480709,13.54615769,Subur,3,2,2,3,3,1,2,2,0.001344,0.007203,0.447395,0.071746,0.37444099999999997,0.058214999999999996,0.025516,0.00852,0.002805,0.0,0.002629,0.0,0.0,0.0,0.0,0.0,0.0,0.0,0.0,0.0,0.0,1,0,1,0,0,0,0,1,0,0,0,0
70,163,52.56025656,13.22126988,Resi,0,2,2,1,3,2,1,1,0.0,0.090281,0.370695,0.05310499999999999,0.21814499999999998,0.0032340000000000003,0.20530500000000002,0.057449,0.0,0.000195,0.000414,0.0,0.0,0.0,0.0,0.0,0.0,0.0,0.0,0.0,0.0,0,0,2,0,0,0,0,0,0,0,0,0
71,165,52.518381999999995,13.306867,Resi,0,3,4,3,3,4,3,4,0.0,0.342121,0.171004,0.06274199999999999,0.306707,0.00282,0.0015429999999999999,0.0,0.0,0.000426,0.0,0.0,0.0,0.0,0.0,0.0,0.0,0.0,0.0,0.0,0.0,0,0,29,0,1,0,0,0,0,0,0,0
72,166,52.42827542,13.45153621,Offi,1,3,4,4,3,2,3,2,0.0,0.10957,0.08026599999999999,0.39355100000000004,0.235082,3.1e-05,0.048121,0.070219,0.000805,0.011555,0.0,0.00044100000000000004,0.0,0.0,0.0,0.0,0.0,0.0,0.0,0.0,0.0,0,0,23,0,0,0,0,0,0,0,0,0
73,171,52.60905967,13.30460842,Resi,0,2,5,4,3,2,5,5,0.0054020000000000006,0.008652,0.107629,0.356527,0.17443399999999998,0.080164,0.047949,0.0,0.006539,0.062155999999999996,0.032844,0.003672,0.0,0.0,0.0,0.0,0.0,0.0,0.0,0.0,0.0,0,0,6,0,0,1,0,1,0,0,0,0
74,174,52.53621,13.279670600000001,Subur,3,2,4,3,4,4,2,4,0.0,7e-05,0.066098,0.500129,0.29002,0.013844,0.000562,0.050664,0.0,0.003297,0.0,0.0,0.0,0.0,0.0,0.0,0.0,0.0,0.0,0.0,0.0,5,0,13,0,0,0,0,0,0,0,0,0
75,175,52.41563261,13.53083228,Resi,0,2,2,2,2,1,3,1,0.0,0.004461,0.43797700000000006,0.088008,0.41325,0.005195,0.014328,0.027047,0.0041990000000000005,0.0,2e-05,0.002367,0.0,0.0,0.0,0.0,0.0,0.0,0.0,0.0,0.0,0,0,9,0,0,1,0,0,0,0,0,0
76,181,52.541452799999995,13.574570800000002,Resi,0,2,2,2,1,1,2,2,0.0,0.079824,0.394539,0.07102,0.35894499999999996,0.02009,0.046898,0.0,0.001492,0.00043,0.0,0.000383,0.0,0.0,0.0,0.0,0.0,0.0,0.0,0.0,0.0,0,0,17,0,0,0,0,0,0,0,0,0
77,182,52.62710795,13.27617316,Subur,3,2,4,4,4,2,5,4,0.033852,0.068164,0.235902,0.22481199999999998,0.005605,0.172629,0.020977000000000003,0.12826600000000002,0.000594,0.072781,0.0,0.0,0.0,0.0,0.0,0.0,0.0,0.0,0.0,0.0,0.0,3,0,10,0,0,0,0,0,0,0,0,0
78,183,52.523491,13.418766699999999,Offi,1,2,2,1,2,2,2,1,0.0,0.121332,0.309883,0.081984,0.41436300000000004,0.022969,0.0,0.0,0.00047699999999999994,0.0,0.0,0.000258,0.0,0.0,0.0,0.0,0.0,0.0,0.0,0.0,0.0,5,0,16,0,2,0,0,0,0,1,0,0
79,185,52.43394497,13.35622681,Resi,0,3,2,2,3,2,2,2,0.005695,0.013258,0.140512,0.393523,0.37948000000000004,0.00727,0.010117000000000001,0.013547,0.0,0.028488,0.0,0.0,0.0,0.0,0.0,0.0,0.0,0.0,0.0,0.0,0.0,0,0,3,0,0,0,0,0,0,0,0,0
80,187,52.441087800000005,13.46582621,Subur,3,4,4,4,4,4,3,4,0.025391,0.0033439999999999998,0.227473,0.271156,0.166777,0.023336000000000003,0.016222999999999998,0.0,5.5e-05,0.12559,0.008117000000000001,0.0,0.0,0.0,0.0,0.0,0.0,0.0,0.0,0.0,0.0,1,0,6,1,0,1,0,0,0,0,0,0
81,190,52.59037784,13.35255921,Subur,3,4,3,1,3,1,2,3,0.0016640000000000001,0.013734,0.349234,0.160363,0.283961,0.027773000000000003,0.076609,0.027777,0.0,0.0,0.049184,0.0,0.0,0.0,0.0,0.0,0.0,0.0,0.0,0.0,0.0,0,0,2,0,0,1,0,0,0,0,0,0
82,191,52.5075279,13.5521041,Resi,0,2,2,4,5,4,2,4,0.001801,0.0,0.051672,0.559094,0.27497699999999997,0.016035,0.00013700000000000002,0.059996,0.0,0.024569999999999998,0.008629000000000001,0.0,0.0,0.002699,0.0,0.0,0.0,0.00022999999999999998,0.0,0.0,0.0,0,0,1,0,0,0,0,0,0,0,0,0
83,193,52.537537300000004,13.435481099999999,Resi,0,2,3,3,2,3,3,3,0.007367,0.16816,0.16434400000000002,0.220098,0.271203,0.002738,0.0,0.0,0.0017699999999999999,0.0070079999999999995,0.006977,0.0008359999999999999,0.0,0.0,0.0,0.0,0.0,0.0,0.002578,0.0,0.0,5,0,21,1,2,0,1,2,0,0,0,0
84,195,52.54191833,13.560532,Subur,3,2,3,3,3,3,1,3,0.0,0.0019140000000000001,0.20008199999999998,0.356684,0.24346900000000002,0.0,0.032242,0.0,0.0,0.006668,0.0,0.0,0.0,0.0,0.0,0.0,0.0,0.0,0.0,0.0,0.0,0,0,30,0,0,0,0,0,0,0,0,0
85,199,52.58350728,13.296308600000001,Resi,0,3,5,4,1,5,4,4,0.006562,0.317848,0.033102,0.24923800000000002,0.079301,0.165168,0.013418000000000001,0.0,0.0,0.006059,0.010164,0.0,0.0,0.0,0.0,0.0,0.0,0.0,0.0,0.0,0.0,0,0,12,0,1,0,1,0,0,0,0,0
86,201,52.61303617,13.47827969,Resi,0,3,4,5,3,5,4,4,0.06930900000000001,0.021711,0.094605,0.44665200000000005,0.046370999999999996,0.01323,0.0018440000000000002,0.157602,0.0,0.07,0.022578,0.0,0.0,0.0,0.0,0.0,0.0,0.0,0.0,0.0,0.0,3,0,1,0,0,0,0,0,0,0,0,0
87,202,52.55918178,13.22508949,Subur,3,3,1,2,2,1,1,1,0.0,6.2e-05,0.48059799999999997,0.04043,0.408867,0.0,0.0,0.050276999999999995,0.000965,0.0,0.01591,0.0,0.0,0.0,0.0,0.0,0.0,0.0,0.0,0.0,0.0,0,0,1,0,0,0,0,0,0,0,0,0
88,203,52.607584200000005,13.379941800000001,Rural,5,1,2,3,4,1,2,2,0.0,0.0,0.333914,0.346645,0.222059,0.0,0.01957,0.0,0.0,0.0,0.0,0.0,0.0,0.0,0.0,0.0,0.0,0.0,0.0,0.0,0.0,0,0,0,0,0,0,0,0,0,0,0,0
89,206,52.53213048,13.24675332,Resi,0,1,4,3,2,3,2,3,0.0,0.074133,0.11459000000000001,0.360625,0.399125,0.01075,2.7000000000000002e-05,0.0,2.3e-05,0.015699,0.00022999999999999998,0.0,0.0,0.0,0.0,0.0,0.0,0.0,0.0,0.0,0.0,5,1,19,0,0,0,0,0,0,0,0,0
90,210,52.5434823,13.18788404,Subur,3,2,3,1,3,3,4,4,0.003953,0.028129,0.196832,0.38177300000000003,0.29531599999999997,0.002355,0.001145,0.000434,0.0,5.9e-05,0.029707,0.0,0.0,0.0,0.0,0.0,0.0,0.0,0.0,0.0,0.0,0,0,9,0,0,0,0,1,0,0,0,0
91,211,52.50445762,13.39998284,Subur,3,4,3,3,4,1,2,4,0.004297,0.0,0.161242,0.371922,0.29230100000000003,0.0033200000000000005,0.030777,0.0,0.0,0.0,0.0,0.0,0.0,0.0,0.0,0.0,0.0,0.0,0.0,0.0,0.0,3,0,28,0,0,0,0,0,0,0,0,0
92,212,52.53754495,13.60589388,Offi,1,4,4,1,1,3,3,4,0.0,0.435586,0.18210199999999999,0.0,0.198871,0.086895,0.00748,0.0,0.0,0.0,0.0,2e-05,0.0,0.0,0.0,0.0,0.0,0.0,0.0,0.0,0.0,3,0,10,0,0,0,0,0,0,0,0,0
93,225,52.563089500000004,13.5054288,Offi,1,3,3,1,1,2,2,1,0.0,0.156754,0.318434,0.067023,0.42009399999999997,0.018121,0.005609,0.0,0.00827,0.002816,0.0,0.000793,0.0,0.0,0.0,0.0,0.0,0.0,0.0,0.0,0.0,4,0,15,0,0,0,0,0,0,0,0,0
94,226,52.48307488,13.38440736,Resi,0,4,4,4,2,3,2,4,0.0029530000000000003,0.29449200000000003,0.071309,0.186074,0.30048800000000003,0.002941,0.025312,0.0,0.0,0.021741999999999997,0.0,0.0014730000000000001,0.0,0.0,0.0,0.0,0.0,0.00014099999999999998,0.0,0.0,0.0,0,0,16,0,2,0,0,1,0,0,0,0
95,227,52.54151527,13.257598300000002,Subur,3,3,3,3,4,2,3,2,0.0,0.0,0.302582,0.231332,0.190527,0.004843999999999999,0.203914,0.0,0.0,0.009691,0.007871,0.0,0.0,0.0,0.0,0.0,0.0,0.0,0.0,0.0,0.0,0,0,11,0,0,0,0,0,0,0,0,0
96,228,52.50893129999999,13.4062685,Subur,3,1,3,3,3,1,3,3,0.0,0.025730000000000003,0.273434,0.252508,0.261754,0.009738,0.027824,0.01202,0.005887,0.0,0.038281,0.0,0.0,0.0,0.0,0.0,0.0,0.0,0.0,0.0,0.0,2,0,21,0,0,0,0,0,1,0,0,0
97,232,52.55089435,13.29504578,Subur,3,3,1,1,2,1,1,1,0.045863,0.045402,0.45982,0.016215,0.248414,0.008402,0.014559,0.00248,8.2e-05,0.0,0.14023,0.000145,0.0,0.004824,0.0,0.0,0.0,0.0,0.0,0.0,0.0,0,0,0,0,0,0,0,0,2,0,0,0
98,236,52.46333001,13.48324978,Resi,0,4,3,4,2,4,3,3,0.0,0.413445,0.12455899999999999,0.048227,0.23618000000000003,0.007402,0.015648,0.0,0.0,0.055191,0.0,0.0,0.0,0.0,0.0,0.0,0.0,0.0,0.0,0.0,0.0,0,0,19,0,1,0,1,0,0,0,0,0
99,237,52.628294999999994,13.28323866,Subur,3,3,4,3,5,3,2,3,0.003109,0.006543000000000001,0.05016,0.513199,0.306121,0.014625,0.000891,0.030108999999999997,0.000504,0.0035740000000000004,0.014769999999999998,0.002238,0.0,0.045961,0.0,0.0,0.0,0.0,0.0,0.0,0.0,1,0,3,0,0,0,0,0,0,0,0,0
100,240,52.5548755,13.396418599999999,Subur,3,3,3,3,3,4,2,3,0.0009570000000000001,0.041223,0.105973,0.474609,0.005203,0.0,0.0,0.345566,0.0,0.0,0.01284,0.0,0.0,0.001777,0.0,0.000398,0.0,0.0,0.0,0.0,0.0,0,0,1,0,1,0,0,1,0,0,0,0
101,241,52.4735294,13.4590823,Offi,1,5,3,4,4,3,5,2,0.0039840000000000006,0.10073,0.13151600000000002,0.346211,0.24371900000000002,0.119754,0.0,0.0,0.0,0.016004,0.0077150000000000005,0.0,0.0,0.016687999999999998,0.0,0.0,0.0,0.0,0.0,0.0,0.0,0,1,5,0,0,0,0,1,0,0,0,0
102,246,52.51321259,13.33406043,Comm,2,2,2,3,2,3,3,3,0.0,0.034703,0.31075,0.193527,0.307965,0.057762,0.0,0.0,0.0,0.0005549999999999999,0.0017420000000000003,0.00057,0.0,0.0,0.0,0.0,0.0,0.0,0.0,0.0,0.0,1,0,13,0,0,0,0,0,0,0,0,0
103,249,52.433968799999995,13.3919204,Subur,3,3,2,3,4,3,4,4,0.0,0.0,0.087234,0.516699,0.154086,0.09684,0.0,0.06734,0.0,0.001031,0.00019099999999999998,0.0,4.7e-05,0.0,0.0,0.0,0.0,0.0,0.0,0.0,0.0,0,0,5,0,1,0,0,0,1,0,0,0
104,254,52.49617159,13.181092000000001,Resi,0,3,5,4,4,3,5,5,0.017816,0.05516,0.24401599999999998,0.22180500000000003,0.135953,0.0,0.00477,0.000426,0.0,0.26506599999999997,0.0,0.000426,0.0,0.0,0.0,0.0,0.0,0.0,0.0,0.0,0.0,0,2,0,0,0,0,0,1,0,0,0,0
105,258,52.6019593,13.3373642,Subur,3,5,4,4,3,2,4,3,0.013055,0.172719,0.22607800000000003,0.167363,0.26918400000000003,0.008948999999999999,0.037433999999999995,0.062059,0.0,0.0,0.008973,0.0,0.0,0.0,0.0,0.0,0.0,0.0,0.0,0.0,0.0,1,0,9,0,0,0,0,0,0,0,0,0
106,259,52.57629668,13.410549800000002,Resi,0,1,4,3,4,4,3,3,0.0,0.046984,0.14223,0.380324,0.219969,0.0,0.061109000000000004,0.09202300000000001,0.0,0.0,0.0,0.0,0.0,0.0,0.0,0.0,0.007031,0.0,0.0,0.0,0.0,0,0,6,0,1,0,0,0,0,0,0,0
107,260,52.53290023,13.41165899,Resi,0,4,5,5,1,5,4,4,0.002738,0.406172,0.102371,0.084445,0.2375,0.022456999999999998,0.0,0.0,0.0,0.0,0.0,0.0,0.0,0.0,0.0,0.0,0.0,0.000625,0.0,0.0,0.0,2,2,18,0,1,0,0,0,0,0,0,0
108,261,52.47985788,13.51145747,Resi,0,3,3,4,5,4,5,4,0.0,0.102094,0.052410000000000005,0.41965600000000003,0.02682,0.011758,0.0,0.13703900000000002,0.0,0.080574,0.005679999999999999,0.00038700000000000003,0.0,0.016762,0.0,0.000684,0.134797,0.0,0.0,0.0,0.0,2,0,6,0,0,0,0,0,0,0,0,0
109,262,52.5354462,13.4726405,Subur,3,2,2,4,2,3,2,2,0.018859,0.007277,0.312969,0.21260900000000002,0.294723,0.005629,0.016898,0.10246500000000001,0.004645000000000001,0.0,0.001191,0.0,0.0,0.013687999999999999,0.0,0.0,0.0,0.0,0.0,0.0,0.0,4,1,10,0,1,0,0,0,0,0,0,0
110,264,52.5054424,13.615465900000002,Subur,3,1,3,3,3,2,2,4,0.0,0.174852,0.350102,0.082074,0.194633,0.0,0.08112899999999999,0.109117,0.002191,0.002742,0.0,0.000383,0.0,0.0,0.0,0.0,0.0,0.0,0.0,0.0,0.0,0,0,3,0,2,0,0,0,0,0,0,0
111,267,52.61769814,13.32654039,Resi,0,1,3,5,4,4,4,4,0.0,0.019699,0.055488,0.49683999999999995,0.152832,0.000246,0.085176,0.0,0.0010550000000000002,0.000273,0.0,0.0,0.0,0.0,0.0,0.0,0.0,0.0,0.0,0.0,0.0,2,0,13,0,1,1,0,0,1,0,0,0
112,268,52.39393625,13.58625774,Rural,5,3,5,3,4,3,5,4,0.000617,0.004211,0.176125,0.35859800000000003,0.24589499999999997,0.0,0.0,0.097617,0.0,0.049879,0.008402,0.0,0.0,0.0,0.0,0.0,0.0,0.0,0.0,0.0,0.0,0,0,7,0,0,0,0,0,0,0,0,0
113,278,52.55052201,13.42806104,Resi,0,4,5,3,2,4,3,3,0.006332,0.23720300000000002,0.145609,0.185727,0.297277,0.018996000000000002,0.0,0.0,0.0,0.0,0.0,0.0,0.0,0.0,0.0,0.0,0.0,0.0,0.0,0.0,0.0,1,3,12,0,2,0,0,0,0,0,0,0
114,281,52.4402895,13.434412400000001,Subur,3,4,3,3,3,3,3,3,0.000547,0.0034840000000000006,0.199691,0.317152,0.30394899999999997,0.000117,0.055941,0.017648,0.001809,0.004672,0.07925800000000001,0.000293,0.0,0.0,0.0,0.0,0.0,0.0,0.0,0.0,0.0,1,0,19,0,2,0,0,0,2,0,0,0
115,284,52.43750104,13.447486300000001,Offi,1,3,3,2,3,1,3,2,0.002602,0.041895,0.332801,0.13316,0.369055,0.017941,0.035910000000000004,0.012562,0.006867,0.0009220000000000001,0.022738,0.0,0.0,0.0,0.0,0.0,0.0,0.000453,0.0,0.0,0.0,5,0,26,2,2,0,0,0,1,1,0,0
116,289,52.609421499999996,13.328197400000002,Resi,0,2,2,2,3,2,3,3,0.0038439999999999998,0.126305,0.273938,0.13636700000000002,0.28615999999999997,0.06191,0.000859,0.0,0.021445,0.049754,0.0,0.0,0.0,0.0,0.001797,0.0,0.0,0.000535,0.0,0.0,0.0,0,1,5,1,1,0,2,0,0,0,0,0
117,290,52.521390100000005,13.247103200000002,Subur,3,2,3,2,5,2,3,3,0.0,0.039202999999999995,0.167598,0.328949,0.20606999999999998,0.0,0.018227,0.011340000000000001,0.001574,0.156406,0.0,2e-05,0.0,0.0,0.0,0.0,0.0,0.0,0.0,0.0,0.0,0,0,5,0,1,0,0,0,0,0,0,0
118,292,52.51588042,13.44185098,Resi,0,2,5,3,3,3,3,3,0.00502,0.158762,0.156344,0.24755100000000002,0.25558600000000004,0.07925,0.037808999999999995,0.0,0.0,0.00013700000000000002,0.0,0.0,0.0,0.0,0.0,0.0,0.0,0.0,0.0,0.0,0.0,2,0,11,0,2,0,0,1,0,0,0,0
119,293,52.47457879,13.37241524,Resi,0,3,2,5,2,4,3,3,3.1e-05,0.232102,0.21925,0.10833599999999999,0.190742,0.005707,0.0014880000000000002,0.0,0.0,0.030387,0.000672,0.000508,0.0,0.0,0.0,0.0,0.0,0.0,0.0,0.0,0.0,2,1,17,2,3,0,0,0,0,0,0,0
120,297,52.41689428,13.34778816,Rural,5,2,4,3,5,3,3,3,0.001242,0.000156,0.297715,0.17925,0.274941,0.0,0.010343999999999999,0.045887,0.0,0.041168,0.048281,0.0,0.0,0.0,0.0,0.0,0.001883,0.0,0.0,0.0,0.0,0,0,5,0,0,0,0,0,0,0,0,0
121,299,52.63100247,13.28322864,Resi,0,4,3,5,3,3,5,3,0.055702999999999996,0.055952999999999996,0.055352,0.444359,0.197688,0.019875,0.081871,0.042043000000000004,0.000121,0.002234,0.004843999999999999,0.0,0.0,0.0,0.0,0.0,0.0,0.0,0.0,0.0,0.0,0,0,4,0,0,0,0,1,0,0,0,0
122,300,52.416509000000005,13.4948968,Subur,3,2,4,2,3,3,3,3,0.0,0.039305,0.291531,0.264469,0.25068,0.018066,0.0,0.073527,0.0,0.003625,0.0,0.0,0.0,0.0,0.0,0.0,0.0,0.0,0.0,0.0,0.0,3,0,11,0,0,0,0,0,0,0,0,0
123,303,52.54947370000001,13.5768231,Comm,2,2,5,2,2,1,3,3,0.0,0.098926,0.361406,0.06614500000000001,0.328988,0.002125,0.06169500000000001,0.044012,0.002961,0.0,0.000367,0.000207,0.0,0.0,0.0,0.0,0.0,0.0,0.0,0.0,0.0,2,0,14,0,0,0,0,0,0,0,0,0
124,304,52.451947100000005,13.586307399999999,Subur,3,4,2,3,4,3,3,2,0.0,0.022664,0.07812100000000001,0.45735200000000004,0.347941,0.022706999999999998,0.046508,0.006953,0.000562,0.0,0.017190999999999998,0.0,0.0,0.0,0.0,0.0,0.0,0.0,0.0,0.0,0.0,0,0,1,0,0,0,0,0,0,0,0,0
125,308,52.43870135,13.56103975,Subur,3,4,1,1,4,2,1,2,3.1e-05,0.013793000000000001,0.442047,0.15095699999999998,0.254605,0.002418,0.003793,0.094312,0.0,0.0,0.037328,0.0,0.0,0.0,0.0,0.0,0.0,0.0,0.0,0.0,0.0,1,0,0,0,0,0,0,1,0,0,0,0
126,309,52.5705137,13.305712900000001,Subur,3,2,1,1,3,2,2,1,9e-05,0.070605,0.258031,0.32691,0.269926,0.0,0.0,0.0,0.0,0.0,0.031645,0.00225,0.0,0.0,0.0,0.0,0.0,0.0,0.0,0.0,0.0,0,0,2,0,1,0,0,0,0,0,0,0
127,312,52.547693200000005,13.308929800000001,Subur,3,4,3,3,3,1,2,2,0.013628999999999999,0.0,0.309605,0.236215,0.347137,0.0,0.026363,0.033738,0.0,1.6e-05,0.010129,0.0,0.000125,0.0,0.0,0.0,0.0,0.0,0.0,0.0,0.0,0,0,15,0,0,0,0,0,0,0,0,0
128,313,52.56311045,13.42251049,Resi,0,2,4,3,2,3,4,2,4e-06,0.12671500000000002,0.21746500000000002,0.18249200000000002,0.260969,0.002941,0.054223,0.0,0.0,0.000965,0.002148,0.0,0.0,0.0,0.0,0.0,0.0,0.0,0.0,0.0,0.0,0,0,13,0,1,0,0,0,1,0,0,0
129,314,52.55858319,13.4372418,Resi,0,3,5,3,4,5,4,4,0.0,0.15334,0.091539,0.34683200000000003,0.147727,0.0,0.020621,0.0,0.0,0.009105,0.0,0.0,0.0,0.0,0.0,0.0,0.0,0.0,0.0,0.0,0.0,0,0,17,0,0,0,0,0,0,0,0,0
130,315,52.54622273,13.55729002,Resi,0,4,3,2,4,4,3,2,0.000684,0.074402,0.20526999999999998,0.294059,0.252289,0.0,0.030949,0.10376600000000001,0.0,0.021547,0.013694999999999999,0.000215,0.0,0.0,0.0,0.001641,0.0,0.0,0.0,0.0,0.0,1,0,2,0,0,0,0,0,0,0,0,0
131,316,52.40925311,13.30119838,Resi,0,3,3,2,3,2,3,3,0.0,0.26982399999999995,0.148383,0.21629299999999999,0.284039,0.0,0.0,0.000719,0.0,0.0,0.0,0.0,0.0,0.0,0.0,0.0,0.0,0.0,0.0,0.0,0.0,0,0,4,0,1,0,0,0,0,0,0,0
132,317,52.5341877,13.6206315,Resi,0,4,4,2,2,5,2,4,0.0,0.439492,0.15118399999999999,0.016117,0.204297,0.040281,0.004914,0.0,0.0,0.027262,0.0,0.00027,0.0,0.0,0.0,0.0,0.0,0.0,0.00021099999999999998,0.0,0.0,0,0,20,0,0,0,0,0,0,0,0,0
133,319,52.57566189999999,13.3493527,Offi,1,1,5,3,4,2,4,3,0.000484,0.122707,0.180023,0.23994899999999997,0.37348000000000003,0.000711,0.003113,0.001172,0.001059,0.025776999999999998,0.0,0.0,0.0,0.0,0.0,0.0,0.0,0.0,0.0,0.0,0.0,0,0,23,0,1,0,0,0,0,0,0,0
134,323,52.578064000000005,13.395202300000001,Subur,3,5,2,4,4,4,2,3,0.05184400000000001,0.003996,0.100332,0.434234,0.259152,0.015949,0.08577,0.015934,0.006309,0.024797,0.0,0.0,0.0,0.0,0.0,0.0,0.0,0.0,0.0,0.0,0.0,0,0,7,0,0,0,0,0,0,1,0,0
135,324,52.41918283,13.44302072,Resi,0,3,3,4,4,2,2,2,0.01348,0.020918,0.17782,0.34402699999999997,0.23667600000000003,0.014621,0.066086,0.09662899999999999,0.0,0.0,0.017991999999999998,0.0,0.0,0.0,0.0,0.0,0.0,0.0,0.0,0.0,0.0,1,0,6,0,0,0,0,2,0,0,0,0
136,325,52.44166798,13.29568876,Resi,0,5,4,4,4,5,3,4,0.002234,0.12111300000000001,0.044344,0.413445,0.201703,0.017223,0.00057,0.008477,0.0,0.0,0.057188,0.0,0.0,0.019617,0.0,0.0,0.0,0.0,0.0,0.0,0.0,3,0,11,1,1,0,0,0,0,0,0,0
137,328,52.44947291,13.278459,Resi,0,3,4,4,3,3,3,4,0.00027,0.097184,0.11389500000000001,0.358648,0.344023,0.049059,0.022555000000000002,0.005047,0.0,0.008891,0.0,0.0,0.0,0.0,0.0,0.0,0.0,0.0,0.0,0.0,0.0,3,0,1,0,0,0,0,2,0,0,0,0
138,333,52.59148513,13.31838138,Resi,0,4,3,4,4,4,2,4,0.0,0.231152,0.29885900000000004,0.039148,0.21105500000000002,0.00043,0.08866399999999999,0.013992,0.0,0.021863,0.00047699999999999994,0.0,0.0,0.0,0.0,0.0,0.0,0.0,0.0,0.0,0.0,0,0,0,0,0,0,0,0,0,0,0,0
139,337,52.52370079999999,13.58355,Subur,3,3,2,3,3,2,4,3,0.017832,0.023781,0.230879,0.295203,0.204797,0.06482,0.005418,0.008094,0.0,0.004219,0.065945,0.0,0.0,0.0,0.0,0.0,0.0,0.0,0.0,0.0,0.0,0,0,15,0,0,0,0,0,0,0,0,0
140,339,52.5375975,13.556588399999999,Subur,3,2,4,2,1,2,4,2,0.0014730000000000001,0.03609,0.343594,0.150609,0.252473,4e-06,0.031058999999999996,0.000754,0.0,0.137812,0.0,0.0,0.0,0.0,0.0,0.0,0.0,0.0,0.0,0.0,0.0,1,0,4,0,0,0,0,0,0,0,0,0
141,340,52.57526114,13.36716624,Resi,0,3,5,2,2,5,2,3,0.000508,0.167035,0.07316,0.312676,0.16786700000000002,0.059625,0.07964500000000001,0.007086,0.0,0.040742,0.004719,0.0,0.0,0.0,0.0,0.0,0.000414,0.0,0.0,0.0,0.0,1,0,11,0,0,0,0,0,0,0,0,0
142,342,52.44313477,13.35402374,Resi,0,3,3,2,3,2,2,2,0.0,0.070137,0.318898,0.139254,0.419738,0.009297,0.003125,0.0,0.001703,0.011594,0.003773,0.000637,0.0,0.016207,0.0,0.0,0.0,0.0,0.0,0.0,0.0,0,0,3,0,0,0,0,0,0,1,0,0
143,343,52.4970816,13.619388899999999,Subur,3,2,3,2,3,2,3,3,0.002152,0.030219,0.390438,0.142754,0.240867,0.0,0.004184,0.100613,0.0,0.0,0.06507,0.0,0.0,0.0,0.0,0.0,0.0,0.0,0.0,0.0,0.0,0,1,6,0,0,0,0,0,0,0,0,0
144,344,52.569385499999996,13.3969391,Subur,3,1,4,4,4,4,4,4,0.000535,0.003578,0.157629,0.373875,0.23333600000000002,0.005386999999999999,0.002234,0.043938,0.010602,0.006023,0.0,0.0,0.0,0.0,0.0,0.0,0.0,0.0,0.0,0.0,0.0,0,0,21,0,0,0,0,0,0,0,0,0
145,346,52.4495956,13.3494721,Resi,0,3,4,2,3,3,3,4,0.0,0.14138299999999998,0.08960900000000001,0.36332,0.341434,0.04773,0.005418,0.003215,1.6e-05,0.0,0.0,0.0,0.0,0.0,0.0,0.0,0.0,0.0,0.0,0.0,0.0,0,3,13,0,0,0,0,0,0,0,0,0
146,349,52.5175407,13.43283,Offi,1,3,3,2,2,2,3,3,0.000453,0.168797,0.197113,0.183199,0.340117,0.041214999999999995,0.000848,0.0,0.002184,0.000625,0.018688,0.0,0.0,0.0011949999999999999,0.0,0.0,0.0,0.0,0.0,0.0,0.0,0,1,15,0,3,0,1,1,0,0,0,0
147,351,52.5439325,13.5626367,Subur,3,1,3,4,2,1,3,2,0.005938000000000001,0.006566,0.42929700000000004,0.06802000000000001,0.361383,0.001,0.027027,0.052215,4.7e-05,0.0,0.048422,0.0,0.0,0.0,0.0,0.0,0.0,0.0,0.0,0.0,0.0,3,0,2,0,0,0,0,0,0,0,0,0
148,357,52.4175843,13.360582,Offi,1,5,5,3,3,2,3,3,0.0,0.12166400000000001,0.306895,0.121324,0.304469,0.0,0.018441,0.0,0.001105,0.009867,0.041246,0.000656,0.0,0.004531,0.0,0.0,0.0,0.0,0.0,0.0,0.0,0,0,16,1,0,0,0,0,0,0,0,0
149,358,52.496117299999995,13.2840889,Resi,0,3,2,2,3,2,3,1,0.058703,0.12193,0.28383200000000003,0.12212100000000001,0.36791399999999996,0.011684,0.006996,0.008633,0.000352,0.007137,0.008617,0.0,0.0,0.0,0.0,0.0,0.0,0.0,0.0,0.0,0.0,0,0,17,0,1,0,0,0,0,0,0,0
150,362,52.4714605,13.3283391,Resi,0,3,4,3,1,1,4,2,0.0,0.090098,0.347852,0.098402,0.434242,0.011715,0.002781,0.0,8.2e-05,0.0,0.0,0.000516,0.000105,0.0,0.0,0.0,0.0,0.0,0.0,0.0,0.0,6,3,18,0,0,1,0,0,0,0,0,0
151,363,52.5451059,13.370412,Offi,1,2,4,1,2,2,5,2,0.0,0.23701599999999998,0.278465,0.050069999999999996,0.317367,0.019359,0.00042199999999999996,0.0,0.0,0.07989500000000001,0.005555,0.0,0.0,0.0,0.0,0.000293,0.0,0.0,0.0,0.0,0.0,5,0,5,1,1,0,0,0,0,0,0,0
152,365,52.53956579999999,13.4245691,Resi,0,3,4,3,2,3,4,3,0.013496000000000001,0.25945300000000004,0.21643400000000002,0.055434000000000004,0.397402,0.000176,0.0,0.007379000000000001,0.028120999999999997,0.0,0.007387,0.001395,0.0,0.0,0.0,0.0,0.0,0.0,0.0,0.0,0.0,2,1,8,1,2,1,0,0,0,0,0,0
153,366,52.41886272,13.34620921,Resi,0,3,5,3,2,4,3,3,2.3e-05,0.075488,0.28280900000000003,0.163125,0.34715999999999997,0.061547000000000004,0.017230000000000002,0.002277,7e-05,0.012894999999999998,0.011729999999999999,0.0,0.0,0.0,0.0,0.0,0.0,0.0,0.0,0.0,0.0,1,0,6,0,0,0,0,0,0,0,0,0
154,367,52.546628000000005,13.4825489,Resi,0,3,5,5,3,4,4,2,0.016293000000000002,0.07391,0.222266,0.254004,0.176832,0.030562,0.160824,0.0,0.0,0.038633,0.01991,7e-05,0.0,0.0,0.0,0.0,0.0,0.0,0.0,0.0,0.0,0,0,4,0,0,0,0,0,3,0,0,0
155,370,52.5263751,13.297240099999998,Resi,0,4,4,4,4,4,4,4,0.0,0.01059,0.091812,0.447438,0.336328,0.000324,0.042934,0.043543,0.000715,0.006043,0.0,2.3e-05,0.0,0.0,0.0,0.0,0.0,0.0,0.0,0.0,0.0,0,0,14,0,0,0,0,0,0,0,0,0
156,371,52.461189100000006,13.5181579,Resi,0,5,4,2,2,4,4,3,0.0,0.39466799999999996,0.16262100000000002,0.025785000000000002,0.38874200000000003,0.009301,0.0,0.0,0.0,0.0,0.0,7.8e-05,0.0,0.0,0.0,0.0,0.0,0.0,0.0,0.0,0.0,2,0,11,0,1,0,0,0,0,0,0,0
157,373,52.4765334,13.322344699999999,Resi,0,4,4,3,2,4,2,3,0.07848,0.128398,0.025973000000000003,0.383297,0.184996,0.033801,0.00243,0.0,0.0,0.037672000000000004,0.0,0.0,0.0,0.0,0.0,0.0,0.0,0.0,0.0,0.0,0.0,2,0,11,0,0,0,0,0,0,0,0,0
158,377,52.45829793,13.13034981,Resi,0,1,3,4,5,5,2,3,0.0,0.0,0.018656,0.668871,0.067004,0.0,0.0,0.000625,0.0,0.052238,0.002758,0.0,0.0,0.0,0.0,0.0,0.0,0.0,0.0,0.0,0.0,0,0,0,0,0,0,0,0,0,0,0,0
159,378,52.597968200000004,13.46217283,Rural,5,2,3,4,4,3,3,4,0.005449,0.0,0.08723,0.45796899999999996,0.311164,0.0,0.11211700000000001,0.0,0.001727,0.023016,0.001328,0.0,0.0,0.0,0.0,0.0,0.0,0.0,0.0,0.0,0.0,0,0,0,0,0,0,0,0,0,0,0,0
160,379,52.460425,13.4721065,Subur,3,1,3,2,2,1,3,2,0.000215,0.019949,0.407457,0.111848,0.37818,0.019367,1.6e-05,0.020824000000000002,0.004359,0.01427,0.003148,0.0,0.0,0.0,0.0,0.0,0.0,0.0,0.0,0.0,0.0,0,0,10,0,1,0,1,0,0,0,0,0
161,380,52.63288092,13.29106661,Resi,0,2,4,2,2,3,4,5,0.0,0.123652,0.086922,0.333137,0.390285,0.037961,0.021297,0.0,0.0,0.000332,0.000691,0.000848,0.0,0.0,0.0,0.0,0.0,0.0,0.0,0.0,0.0,2,0,13,0,0,0,0,0,0,0,0,0
162,381,52.44620722,13.34138854,Resi,0,5,3,4,3,4,3,3,0.0,0.341816,0.094211,0.144426,0.30018,0.009633,0.009729999999999999,0.0,0.0,0.028758,0.0,0.0,0.0,0.0,0.0,0.0,0.0,0.0,0.0,0.0,0.0,2,0,14,0,0,0,0,0,0,0,0,0
163,382,52.432646999999996,13.5273005,Resi,0,4,4,2,3,3,3,3,0.0,0.234996,0.233184,0.12028900000000001,0.23038699999999998,0.00982,0.00543,0.084531,0.0,0.0,0.000992,0.0,0.0,0.0,0.0,0.0,0.0,0.0,0.0,0.0,0.0,0,0,14,0,2,0,0,0,0,0,0,0
164,385,52.5009329,13.3914552,Resi,0,2,4,3,3,2,4,4,0.006773,0.104523,0.129914,0.317965,0.270809,0.158934,0.0,0.0,0.002805,0.000121,0.0,0.000676,0.0,0.0,0.0,0.0,0.0,0.0,0.0,0.0,0.0,11,4,0,0,0,0,0,0,1,0,1,0
165,387,52.57423225,13.33472274,Resi,0,4,4,3,2,4,3,5,0.046711,0.262098,0.105762,0.201281,0.14190999999999998,0.037676,0.015035,0.002961,0.0,0.075973,0.000449,0.0,0.0,0.0,0.0,0.0,0.0,0.0,0.0,0.0,0.0,0,1,4,0,1,0,0,0,0,0,0,0
166,388,52.3914219,13.410748199999999,Subur,3,3,2,3,5,4,2,3,0.00084,0.0,0.004922,0.7884220000000001,0.161652,0.0,0.0,0.019413999999999997,0.0,0.003594,0.0,0.0,0.0,0.0,0.0,0.0,0.015316,0.0,0.0,0.0,0.0,0,0,0,0,0,0,0,0,0,0,0,0
167,391,52.57380277,13.32035717,Subur,3,3,4,3,4,3,4,3,0.002434,0.044805000000000005,0.248633,0.252785,0.20895300000000003,0.009276999999999999,0.0,0.0,0.0,0.087809,0.0,0.0,0.0,0.0,0.0,0.0,0.0,0.0,0.0,0.0,0.0,0,0,7,0,1,0,0,0,0,0,0,0
168,393,52.525265000000005,13.3658139,Offi,1,3,3,3,2,2,2,2,0.0,0.088352,0.40773000000000004,0.015355,0.42335200000000006,0.0049689999999999995,0.044367000000000004,0.0,0.006812,0.0,0.0028399999999999996,0.000926,0.0,0.0,0.0,0.001801,0.0,0.0,0.0,0.0,0.0,1,0,16,0,2,1,1,0,0,0,0,0
169,409,52.4603971,13.3499108,Resi,0,4,4,3,5,4,4,4,0.0,0.146988,0.074227,0.356406,0.167023,0.007555,0.089535,0.031602,0.0,0.029711,0.026309,0.0,0.0,0.0,0.0,0.0,0.0,0.0,0.0,0.0,0.0,2,0,12,0,0,0,0,0,0,0,0,0
170,410,52.40323113,13.39781904,Resi,0,4,4,4,5,4,4,4,0.004961,0.09334400000000001,0.036957,0.410473,0.195098,0.0,0.147176,0.038816,0.0,0.031336,0.010164,0.0,0.0,0.0,0.0,0.0,0.0,0.0,0.0,0.0,0.0,1,0,0,0,0,0,0,0,0,0,0,0
171,412,52.53948198,13.30037312,Subur,3,4,2,2,1,2,1,2,0.0008119999999999999,0.197203,0.251922,0.12756199999999998,0.302715,0.102559,0.0,0.0,0.0,0.0,0.000848,0.0,0.0,0.0,0.0,0.0,0.0,0.0,0.0,0.0,0.0,2,4,7,0,0,0,0,2,0,0,0,0
172,413,52.512667500000006,13.4506682,Resi,0,4,5,2,1,5,3,3,0.0,0.480195,0.102605,0.015707,0.27184400000000003,0.031766,0.0,0.0,0.0,0.0,0.040066000000000004,0.0,0.0,0.0,0.0,0.0,0.0,0.0,0.0,0.0,0.0,3,0,14,0,0,0,0,0,0,0,0,0
173,414,52.39426755,13.41339255,Resi,0,4,3,4,4,3,2,2,0.0,0.001523,0.21305500000000002,0.310961,0.342105,0.024102000000000002,0.000496,0.0,0.0,0.047398,0.0,0.0,0.0,0.0,0.0,0.0,0.0,0.0,0.0,0.0,0.0,0,0,8,0,0,0,0,0,0,0,0,0
174,415,52.526629799999995,13.3043519,Offi,1,4,4,4,3,3,4,3,0.0,0.292688,0.159754,0.106473,0.394547,0.004477,0.000262,0.0,0.00019099999999999998,0.01766,0.000684,3.9e-05,0.0,0.0,0.0,0.0,0.0,0.0,0.0,0.0,0.0,4,3,14,0,0,0,0,0,0,0,0,0
175,417,52.40857788,13.32412454,Rural,5,2,2,4,4,3,2,2,0.014734,0.0,0.16532,0.45772700000000005,0.202648,0.0,0.011086,0.14715599999999998,0.0,0.001328,0.0,0.0,0.0,0.0,0.0,0.0,0.0,0.0,0.0,0.0,0.0,0,0,1,0,0,0,0,0,0,0,0,0
176,418,52.54563423,13.42806155,Resi,0,3,3,4,1,2,4,3,0.0,0.16475,0.32316,0.014102000000000002,0.34928899999999996,0.007199,0.0,0.0,0.003023,0.0,0.0,0.004801,0.0,0.0,0.0,0.0,0.0,0.0,0.0,0.0,0.0,9,0,18,0,0,7,0,0,0,0,0,0
177,427,52.42198669,13.19466149,Rural,5,4,1,2,5,3,1,2,0.00047699999999999994,0.0,0.131133,0.464949,0.28029699999999996,0.0,0.005898,0.011898,4.7e-05,0.081578,0.023645,0.0,0.0,0.0,0.0,0.0,0.0,0.0,0.0,0.0,0.0,0,0,0,0,0,0,0,0,0,0,0,0
178,428,52.5375958,13.428556400000002,Resi,0,3,3,2,2,3,3,1,0.013547,0.166898,0.29895700000000003,0.05343,0.230449,0.048391,0.0,0.0,0.022344,0.0,9e-05,0.0,0.0,0.0,0.0,0.0,0.0,0.0,0.0,0.0,0.0,1,0,20,0,5,0,0,2,0,0,0,0
179,430,52.5860196,13.306664000000001,Offi,1,3,3,3,4,3,5,5,0.003133,0.028102,0.047952999999999996,0.50868,0.21381599999999998,0.094988,4e-06,0.018379,0.0,0.008773,0.010723,0.0,0.0,0.0,0.0,0.0,0.0,0.0,0.0,0.0,0.0,0,0,17,0,0,1,1,2,0,0,0,0
180,436,52.5393631,13.356733600000002,Resi,0,5,4,2,1,4,3,3,0.0,0.207371,0.10726600000000001,0.254105,0.35480900000000004,0.021902,0.0,0.019223,0.0,0.002219,0.000883,0.0,0.0,0.0,0.0,0.0,0.0,0.0,0.0,0.0,0.0,0,0,12,0,3,0,0,0,0,0,0,0
181,440,52.52693696,13.29728036,Resi,0,5,4,4,4,3,3,4,0.001039,0.072074,0.186398,0.301754,0.292891,0.006594,0.043273,0.0,0.0,0.0,0.012012,0.000973,0.0,0.0,0.0,0.0,0.0,0.0,0.0,0.0,0.0,0,0,30,0,0,0,0,0,0,0,0,0
182,441,52.46274381,13.47732288,Resi,0,1,3,3,3,4,2,2,0.0,0.116172,0.177438,0.317277,0.278992,0.003527,0.046512,0.00116,0.0,0.05733200000000001,0.0,0.0,0.0,0.0,0.0,0.0,0.0,0.0,0.0,0.0,0.0,0,0,1,0,2,0,0,1,0,0,0,0
183,443,52.5256562,13.3054791,Resi,0,3,3,5,3,3,3,2,0.0010550000000000002,0.14582,0.282754,0.118352,0.33568000000000003,0.051633000000000005,0.0035590000000000005,0.0,0.0015550000000000002,0.022956999999999998,0.0,0.00019099999999999998,0.0,0.0,2.7000000000000002e-05,0.0,0.0,0.0,0.0,0.0,0.0,1,0,15,0,1,0,0,3,0,0,0,0
184,444,52.51556148,13.368716699999998,Subur,3,3,2,3,3,2,1,2,0.0,0.0,0.24398000000000003,0.293742,0.41484799999999994,0.00044500000000000003,0.007168000000000001,0.0067269999999999995,0.000254,0.0,0.010034999999999999,0.0,0.015069999999999998,0.0,0.0,0.0,0.0,0.0,0.0,0.0,0.0,0,0,8,0,1,0,0,0,0,0,0,0
185,449,52.5012794,13.304934900000001,Offi,1,2,4,3,4,3,4,3,0.0051990000000000005,0.183578,0.235699,0.130105,0.35983200000000004,0.010531,0.00016,0.0,0.000262,0.0,0.012156,0.0,0.0,0.0,0.0,0.0,0.0,0.0,0.0,0.0,0.0,2,0,25,0,0,1,0,0,0,0,0,0
186,452,52.45546849,13.37570628,Resi,0,2,3,1,1,2,4,3,0.0,0.120754,0.351504,0.045398,0.36002,0.011729999999999999,0.07953500000000001,0.0,0.002105,0.0,0.0,0.005137,0.0,0.0,0.0,0.0,0.0,0.0,0.0,0.0,0.0,3,0,14,0,0,1,0,0,0,0,0,0
187,453,52.451814399999996,13.417740900000002,Subur,3,3,2,2,3,1,1,1,0.0,0.0038159999999999995,0.411184,0.13938299999999998,0.31068,0.059378999999999994,0.043781,0.0008119999999999999,0.002605,0.002629,0.003254,0.003512,0.0,0.003703,0.0,0.0,0.0,0.0,0.0,0.0,0.0,0,0,14,0,1,0,0,0,1,0,0,0
188,457,52.59921417,13.47732257,Subur,3,3,5,4,4,3,5,5,0.012379000000000001,0.008004,0.258234,0.29875799999999997,0.144789,0.001359,0.0024530000000000003,0.158344,0.0,0.066488,0.037836,0.0,0.0,0.0,0.0,0.0,0.0,0.0,0.0,0.0,0.0,1,0,8,0,0,0,0,0,0,0,0,0
189,458,52.528326,13.5187717,Resi,0,3,1,2,2,2,2,1,3.9e-05,0.06767999999999999,0.35949200000000003,0.11590999999999999,0.329453,0.001355,0.01025,0.08377000000000001,0.0,0.0,0.030605,0.00098,0.0,0.0,0.0,0.0,0.0,0.0,0.0,0.0,0.0,0,0,8,0,0,0,0,0,0,0,0,0
190,463,52.44825486,13.48885392,Rural,5,3,2,2,5,1,2,2,0.0,0.013793000000000001,0.421012,0.202215,0.099816,0.0,0.000965,0.177723,0.0,0.050069999999999996,0.030527,0.0,0.0,0.0,0.0,0.0,0.0,0.0,0.0,0.0,0.0,1,0,8,0,0,0,0,0,0,0,0,0
191,464,52.4818997,13.3485934,Comm,2,3,3,2,1,4,2,3,0.0,0.294137,0.21126599999999998,0.012320000000000001,0.319301,0.013266,0.000301,0.00043799999999999997,0.005113,0.0,0.0,0.0,0.0,0.0,0.0,0.0,0.0,0.0,0.0,0.0,0.0,2,2,12,0,4,0,0,0,0,0,0,0
192,469,52.51175856,13.29532439,Resi,0,5,4,1,2,4,4,4,0.029855,0.327176,0.135805,0.106492,0.221965,0.00134,0.000152,0.0,0.001574,0.0,0.0,0.000215,0.0,0.0,0.0,0.0,0.0,0.0,0.0,0.0,0.0,2,0,21,1,1,0,0,0,0,0,0,0
193,471,52.4066832,13.5127729,Rural,5,5,2,4,4,2,3,3,0.027594,0.007026999999999999,0.260598,0.27702,0.19734000000000002,0.039047000000000005,0.023672,0.043605,0.0,0.004887,0.045281,0.0,0.0,0.0,0.0,0.0,0.0,0.0,0.0,0.0,0.0,0,0,3,0,0,0,0,0,0,0,0,0
194,477,52.48333946,13.31180036,Resi,0,4,5,4,4,4,5,5,0.0,0.173938,0.015031000000000001,0.400117,0.276977,0.005879,0.014777,0.0,0.0,0.0,0.0,0.0,0.0,0.0,0.0,0.0,0.0,0.0,0.0,0.0,0.0,3,0,10,1,0,0,0,0,0,0,0,0
195,478,52.53965331,13.365342499999999,Offi,1,4,3,3,2,4,2,1,0.0,0.26918400000000003,0.22245700000000002,0.06632,0.37006999999999995,0.053746,0.0,0.0,0.0,0.0,0.017086,5.9e-05,0.0,0.0,0.0,0.0,0.0,0.0,0.0,0.0,0.0,1,0,5,0,0,0,0,0,0,0,0,0
196,479,52.5557489,13.513737599999999,Resi,0,4,3,3,3,2,3,3,0.000949,0.111535,0.320148,0.133301,0.294027,0.000344,0.029512,6.2e-05,0.0,0.004312,0.081777,6.6e-05,0.0,0.0,0.0,0.0,0.0,0.0,0.0,0.0,0.0,0,0,16,0,0,0,0,0,0,0,0,0
197,480,52.5307206,13.4588267,Resi,0,1,3,2,3,2,4,4,0.0,0.023012,0.276496,0.280504,0.306629,0.0,0.0,0.006809,0.0,0.054102,7e-05,0.0,0.0,0.0,0.0,0.0,0.0,0.0,0.0,0.0,0.0,0,0,14,0,0,0,0,0,1,0,0,0
198,483,52.55722252,13.18547059,Rural,5,3,4,4,5,3,2,3,0.000617,0.0,0.16990999999999998,0.380285,0.210004,0.0,0.045473,0.003426,0.0,0.119344,0.03157,0.0,0.0,0.0,0.0,0.0,0.0,0.0,0.0,0.0,0.0,0,0,1,0,0,0,0,0,0,0,0,0
199,484,52.534625600000005,13.2063989,Subur,3,4,4,3,4,4,2,4,0.004566,0.17164100000000002,0.23933200000000002,0.191891,0.002234,0.086016,0.0,0.28893,0.0,0.001883,0.000965,0.0,0.0,0.0,0.0,0.0,0.0,0.0,0.0,0.0,0.0,1,0,1,0,0,0,0,0,0,0,1,0
200,486,52.5233471,13.640333100000001,Resi,0,2,3,3,4,1,1,1,0.000535,0.007062000000000001,0.385828,0.168891,0.327676,0.0,0.000207,0.088344,0.0,0.0,0.014961000000000002,0.0,0.0,0.006495999999999999,0.0,0.0,0.0,0.0,0.0,0.0,0.0,0,0,0,0,0,0,0,0,0,0,0,0
201,487,52.5506755,13.3847187,Resi,0,4,4,2,2,2,5,2,0.0,0.20708200000000002,0.19516,0.129438,0.38519499999999995,0.042319999999999997,0.0,0.0,0.0,0.0,4e-06,0.0,0.0,0.0,0.0,0.0,0.0,0.0,0.0,0.0,0.0,5,0,37,0,2,0,2,0,0,0,0,0
202,488,52.4242845,13.430957300000001,Resi,0,3,3,2,4,2,1,2,0.000711,0.12338299999999999,0.214875,0.21821100000000002,0.351246,0.027254,0.017211,0.006940999999999999,0.0,0.02673,0.0,0.0,0.0,0.0,0.0,0.0,0.0,0.0,0.0,0.0,0.0,0,0,15,1,1,0,0,0,0,0,0,0
203,496,52.43701618,13.54910204,Resi,0,3,4,4,4,5,3,4,0.032379000000000005,0.10968800000000001,0.051598000000000005,0.407645,0.164645,0.020633000000000002,0.0,0.198551,0.0,0.003602,0.0029879999999999998,0.0,0.0,0.0,0.0,0.0,0.0,0.0,0.0,0.0,0.0,0,0,8,0,0,0,0,1,0,0,0,0
204,500,52.520722,13.15962766,Resi,0,2,2,2,4,2,2,3,0.0,0.00659,0.136121,0.390074,0.363105,0.022164,0.015535,0.0,0.0,0.002082,0.0,0.0,0.0,0.0,0.0,0.0,0.0,0.0,0.0,0.0,0.0,6,0,5,0,0,0,1,0,0,0,0,0
205,502,52.54950929,13.37713683,Offi,1,3,3,2,2,2,4,3,0.0,0.221973,0.250766,0.071062,0.28420300000000004,0.0,0.035281,0.059953,0.0009220000000000001,0.0,0.016668000000000002,0.0,0.0,0.0,0.0,0.0,0.0,0.0,0.0,0.0,0.0,2,2,5,0,4,0,0,0,0,0,0,0
206,504,52.51687262,13.29658685,Resi,0,2,3,5,3,3,3,3,0.0020039999999999997,0.020465,0.214312,0.297277,0.35039499999999996,0.028016000000000003,0.009909999999999999,0.0061990000000000005,0.00035499999999999996,0.00073,0.0,0.0,0.0,0.0,0.0,0.0,0.0,0.0,0.0,0.0,0.0,1,0,26,0,0,0,0,0,0,0,0,0
207,505,52.55882057,13.1960001,Resi,0,2,3,4,4,3,3,4,0.016659999999999998,0.006973,0.189309,0.383297,0.19218,0.015363,0.018331999999999998,0.08140599999999999,0.001117,0.075945,0.000949,0.0,0.0,0.003848,0.0,0.0,0.007492,0.0,0.0,0.0,0.0,0,0,1,0,0,0,0,0,0,0,0,0
208,506,52.3967601,13.5399527,Rural,5,3,2,3,4,1,1,2,0.0,5.1e-05,0.422676,0.11296500000000001,0.266301,0.0,0.194102,0.0,0.0,0.0,0.003016,0.0,0.0,0.0,0.0,0.0,0.0,0.0,0.0,0.0,0.0,0,0,6,0,0,0,0,0,0,0,0,0
209,507,52.46428503,13.4558263,Subur,3,2,1,1,3,1,1,2,0.0012699999999999999,0.01709,0.467551,0.060902,0.293797,0.00225,0.0014609999999999998,0.10886300000000002,0.014535,0.0,0.027944999999999998,0.0,0.0,0.0,0.0,0.0,0.0,0.0,0.0,0.0,0.0,1,0,2,0,0,0,0,0,0,1,0,0
210,509,52.6266603,13.31732623,Subur,3,5,3,5,4,3,3,5,0.008012,0.00227,0.19116,0.33503499999999997,0.228773,0.0017929999999999999,0.059234,0.0035659999999999997,0.0,0.135844,0.034312,0.0,0.0,0.0,0.0,0.0,0.0,0.0,0.0,0.0,0.0,0,0,1,0,0,0,0,0,0,0,0,0
211,511,52.44751653,13.23385003,Resi,0,2,4,3,4,3,3,2,0.0,0.013824000000000001,0.030233999999999997,0.513484,0.390445,0.00807,0.020628999999999998,0.015918,0.0,0.0024879999999999998,0.00046100000000000004,0.0,0.0,0.0,0.0,0.0,0.0,0.0,0.0,0.0,0.0,0,0,10,0,0,0,0,0,0,0,0,0
212,512,52.4373272,13.538341199999998,Subur,3,3,2,2,2,2,2,4,0.0015429999999999999,0.07200000000000001,0.318391,0.129031,0.375207,0.011926,0.08025399999999999,0.00759,7.8e-05,0.002094,0.0012109999999999998,0.000676,0.0,0.0,0.0,0.0,0.0,0.0,0.0,0.0,0.0,1,0,1,0,0,0,0,0,0,0,0,0
213,513,52.6049777,13.31320123,Resi,0,4,4,3,3,5,3,4,0.012055,0.19731600000000002,0.131484,0.24654299999999998,0.25325,0.057633000000000004,0.008777,0.0,0.00584,0.013859,0.016715,0.008473,0.0,0.0,0.0,0.0,0.0,0.0,0.0,0.0,0.0,0,0,4,0,0,0,0,0,0,0,0,0
214,516,52.58102996,13.20898336,Rural,5,3,1,3,5,4,3,4,0.0,0.0,0.000348,0.578066,0.11958599999999998,0.0,0.0,0.27826599999999996,0.0,0.0,0.0,0.0,0.0,0.0,0.0,0.0,0.0,0.0,0.0,0.0,0.0,1,0,1,0,0,0,0,0,0,0,0,0
215,517,52.44037584,13.54977737,Resi,0,4,4,4,3,3,4,4,0.0,0.281391,0.09032000000000001,0.22609,0.280406,0.001809,0.005109000000000001,0.0,0.0,0.000953,0.089273,0.0,0.0,0.0,0.0,0.0,0.0,0.0007700000000000001,0.0,0.0,0.0,0,0,12,3,1,0,0,0,0,0,0,0
216,518,52.44022555,13.54940192,Resi,0,4,5,3,3,5,5,1,0.024684,0.145871,0.000531,0.422809,0.061035,0.28229299999999996,0.016777,0.0,0.0,0.00016,0.023719,0.0,0.0,0.007723000000000001,0.0,0.0,0.0,0.0,0.0,0.0,0.0,0,0,12,2,0,0,0,1,0,0,0,0
217,520,52.55735035,13.43587404,Resi,0,5,3,3,2,5,2,5,0.027523000000000002,0.397766,0.148594,0.010195000000000001,0.152312,0.000223,0.0,0.006961,9e-05,0.155426,0.006336,9.8e-05,0.0,0.0,0.0,0.0,0.0,0.0,0.0,0.0,0.0,0,0,11,0,1,0,0,0,0,0,0,0
218,521,52.57239144,13.49925274,Resi,0,2,4,4,4,4,3,4,0.0,0.16313699999999998,0.082965,0.34959,0.134133,0.10371099999999998,0.07991799999999999,0.036891,0.0,0.024547,0.00025,0.0,0.0,0.0,0.0,0.0,0.0,0.007129000000000001,0.0,0.0,0.0,0,0,0,0,0,0,0,0,0,0,0,0
219,522,52.58421976,13.40804809,Resi,0,4,2,5,2,3,3,5,9.8e-05,0.130879,0.06266000000000001,0.368809,0.014262,0.056125,0.040039,0.055602,0.0,0.07699600000000001,0.0,0.0025510000000000003,0.0,0.0,0.0,0.0,0.0,0.0,0.0,0.0,0.0,1,0,6,0,1,0,0,0,0,0,0,0
220,523,52.46094724,13.41298223,Subur,3,3,2,1,1,3,1,1,0.057801,0.196406,0.323422,0.013434,0.328395,0.0,0.013456999999999998,0.000266,0.0,0.0,0.041223,0.0,0.0,0.0070739999999999996,0.0,0.012315999999999999,0.0,0.0,0.0,0.003055,0.0,0,0,2,0,1,0,0,0,0,0,0,0
221,526,52.44613447,13.56184278,Subur,3,2,2,1,4,1,2,3,0.014996,0.007406,0.408402,0.10652,0.347891,0.027297000000000002,0.032719,0.009195,0.011996,0.019484,0.00032,0.0,0.0,0.0,0.0,0.0,0.0,0.0,0.0,0.0,0.0,4,0,12,0,0,0,0,0,0,0,0,0
222,527,52.58987106,13.29250188,Resi,0,4,5,5,4,3,4,3,0.0,0.09007000000000001,0.029656000000000002,0.41481999999999997,0.263234,0.0020510000000000003,0.0053549999999999995,0.11136700000000001,0.0,0.030226999999999997,0.0,0.0,0.0,0.0,0.0,0.0,0.0,0.0,0.0,0.0,0.0,0,0,19,0,3,0,1,0,0,0,0,0
223,528,52.557828799999996,13.18889972,Subur,3,3,2,3,4,2,3,3,0.050125,0.06100800000000001,0.37516,0.163043,0.147129,0.0,0.08748,0.0,0.0,0.049848,0.0,0.0,0.0,0.0,0.0,0.0,0.002102,0.0,0.0,0.0,0.0,0,0,4,0,0,0,0,0,1,0,0,0
224,529,52.533995,13.19279936,Offi,1,4,1,3,1,3,4,2,0.001695,0.229699,0.213957,0.073184,0.371922,0.0007700000000000001,0.007324,0.038145,0.013125,0.006648,0.009934,0.0,0.0,0.005441,0.0,0.0,0.0,0.0,0.0,0.0,0.0,0,1,2,0,0,0,0,0,0,0,0,0
225,530,52.37553966,13.61195289,Subur,3,4,4,3,5,3,3,3,0.0,0.001508,0.142414,0.409289,0.338621,0.000109,0.028495999999999997,0.038629000000000004,0.001578,0.001441,0.029776999999999998,0.000184,0.0,0.0,0.0,0.0,0.0,0.0,0.0,0.0,0.0,0,0,7,0,0,0,0,0,0,0,0,0
226,532,52.54044739999999,13.542021100000001,Rural,5,4,2,2,5,1,1,1,0.0,0.0,0.435961,0.15923800000000002,0.25711300000000004,0.0,0.058035,0.041484,0.0,0.038558999999999996,0.0,0.005047,0.0,0.0,0.0,0.0,0.0,0.0,0.0,0.0,0.0,0,0,1,0,0,0,0,0,0,0,0,0
227,533,52.517497,13.588897199999998,Resi,0,2,2,1,1,1,3,2,0.0039689999999999994,0.018703,0.375844,0.137598,0.432938,0.019288999999999997,0.001059,0.000352,0.004375,0.00021099999999999998,0.0,8.2e-05,0.0,0.0,0.0,0.0,0.0,0.0,0.0,0.0,0.0,0,0,20,0,4,0,1,0,0,0,0,0
228,536,52.4995571,13.330638199999997,Resi,0,4,4,4,2,3,2,2,0.0,0.126477,0.209754,0.20583600000000002,0.3905,0.000723,0.04827,0.0,0.000668,0.000301,0.0,3.5e-05,0.0,0.0,0.0,0.0,0.0,0.0,0.0,0.0,0.0,4,0,25,1,0,0,1,0,0,0,0,0
229,537,52.41053792,13.350125,Resi,0,4,4,3,3,3,3,2,0.013375,0.194406,0.144199,0.21257800000000002,0.35585500000000003,0.047805,0.0028710000000000003,0.0,0.0,0.011323999999999999,0.0,0.0,0.0,0.0009220000000000001,0.0,0.0,0.0,0.0,0.0,0.0,0.0,2,0,9,9,0,0,0,0,0,0,0,0
230,538,52.49077320000001,13.43399822,Resi,0,5,4,4,2,4,3,4,0.0,0.216996,0.07297999999999999,0.32258600000000004,0.21480900000000003,0.098703,0.0,0.0,0.0,0.0,0.004516,0.0,0.0,0.0,0.0,0.0,0.0,0.0,0.0,0.0,0.0,10,0,21,1,1,0,1,1,0,0,0,0
231,541,52.5714301,13.45343141,Rural,5,4,3,2,3,2,3,4,0.085625,0.019059,0.363566,0.12979300000000002,0.23704699999999998,0.000129,0.032551,0.055309000000000004,0.0,0.023926,0.0,0.0,0.0,0.0,0.0,0.0,0.0,0.0,0.0,0.0,0.0,1,0,3,0,0,0,0,0,0,0,0,1
232,542,52.52360115,13.38013371,Offi,1,4,4,3,4,4,4,3,0.0,0.530875,0.099688,0.004699,0.18596500000000002,0.004656,0.0,0.0,7e-05,0.0,0.0,0.0,0.0,0.0,0.0,0.0,0.0,0.0,0.0,0.0,0.0,2,6,16,1,1,0,0,0,0,1,0,0
233,544,52.41469959,13.49930158,Subur,3,3,4,3,3,2,3,3,0.0,0.007965,0.32832,0.226527,0.28620300000000004,0.043051,0.0,0.054457000000000005,0.0,0.018109,0.0,2.7000000000000002e-05,0.0,0.0,0.0,0.0,0.0,0.000895,0.0,0.0,0.0,0,0,6,0,3,0,0,0,1,0,0,0
234,545,52.43411761,13.27712294,Resi,0,3,3,3,3,4,5,4,0.00391,0.14707,0.084906,0.361227,0.189078,0.056508,0.002098,0.0,0.0,0.040902,0.0,0.0,0.0,0.0,0.0,0.0,0.0,0.001609,0.0,0.0,0.0,0,0,12,0,0,0,0,0,0,0,0,0
235,547,52.5044072,13.1817829,Subur,3,2,1,2,4,2,2,4,0.012738,0.004574,0.202734,0.38404699999999997,0.23048000000000002,0.025012,0.050148000000000005,0.002277,2.3e-05,0.012152,0.030488,0.0,0.0,0.0,0.0,0.0,0.0,0.0,0.0,0.0,0.0,0,0,2,0,0,0,0,0,0,0,0,0
236,548,52.54125588,13.44870192,Offi,1,2,2,3,2,2,2,2,0.008473,0.079598,0.199754,0.35743400000000003,0.312906,0.002559,0.0007379999999999999,0.0,0.0,0.036047,0.0,0.0,0.0,0.0,0.0,0.0,0.0,0.0,0.0,0.0,0.0,1,0,1,0,0,0,0,0,0,0,0,0
237,551,52.52122422,13.40734446,Offi,1,3,5,3,2,2,4,3,0.001227,0.182324,0.250742,0.095738,0.347215,0.00618,0.015801,0.034488,0.0,0.006207,0.003066,0.002215,0.0,0.0,0.0,0.0,0.0,0.0,0.0,0.0,0.0,5,0,21,0,3,0,0,0,0,0,0,0
238,552,52.40874082,13.30276433,Subur,3,2,4,2,3,4,3,3,0.000359,0.032785,0.318332,0.21939499999999998,0.279035,0.051184,0.0016760000000000002,0.0,0.0,0.037008,0.001652,0.01043,0.0,0.0,0.0,0.0,0.0,0.0,0.0,0.0,0.0,1,0,9,0,1,0,1,0,0,0,0,0
239,553,52.58924319,13.52581511,Rural,5,4,2,4,5,1,1,2,0.0,0.0,0.12098800000000001,0.40479299999999996,0.186047,0.0,0.003176,0.186039,0.0,0.0,0.006148,0.00266,0.0,0.0,0.0,0.0,0.0,0.0,0.0,0.0,0.0,1,0,0,0,0,0,0,0,0,0,0,0
240,555,52.62850372,13.47364076,Subur,3,4,2,2,4,1,1,1,0.0,0.0,0.342312,0.203172,0.336285,0.0,0.107449,0.008766,0.0,0.0,0.0,0.0,0.0,0.0,0.0,0.0,0.0,0.0,0.0,0.0,0.0,1,0,1,0,1,0,0,0,0,0,0,0
241,556,52.44733741,13.24899613,Rural,5,4,2,3,4,3,3,4,0.0,0.0,0.014223,0.523012,0.130523,0.0,0.04973,0.211977,0.0,0.0,0.0,0.0,0.0,0.0,0.0,0.0,0.0,0.0,0.0,0.0,0.0,1,0,0,0,0,0,0,0,0,0,0,0
242,558,52.53553267,13.51989225,Offi,1,4,3,1,2,2,3,3,0.0006799999999999999,0.092152,0.151473,0.293137,0.371672,0.005938000000000001,0.012898,0.06648,0.0,0.0,0.0,0.0,9.4e-05,0.0,0.0,0.0,0.0,0.0,0.0,0.0,0.005477,1,0,0,0,0,0,0,1,0,0,0,0
243,560,52.42509217,13.5074019,Subur,3,2,4,4,5,2,3,4,0.0,0.012613,0.06552000000000001,0.48748,0.20654699999999998,0.00021899999999999998,0.027938,0.042379,0.0,0.11093800000000001,0.034305,0.0,0.0,0.0,0.0,0.0,0.0,0.0,0.0,0.0,0.0,0,0,8,0,0,0,0,0,0,0,0,0
244,561,52.392661100000005,13.587736600000001,Subur,3,2,4,4,5,3,3,3,0.000668,0.0,0.07406599999999999,0.498496,0.218523,0.00148,0.018616999999999998,0.090293,0.000594,0.013116999999999998,0.00257,0.0,0.0,0.0,0.0,0.0,0.0,0.0,0.0,0.0,0.0,0,0,0,0,0,0,0,0,0,0,0,0
245,563,52.48657289999999,13.52508587,Resi,0,5,4,4,4,4,5,5,8e-06,0.379773,0.057484,0.160379,0.293582,0.050883,0.001184,0.00075,0.000891,0.033066000000000005,0.012691,0.0,0.0,0.0,0.0,0.0,0.0,0.0,0.0,0.0,0.0,0,0,6,0,1,0,0,0,0,0,0,0
246,564,52.5403813,13.62830812,Resi,0,1,3,2,3,2,2,2,0.0,0.036176,0.322383,0.187359,0.23786300000000002,0.0,0.075918,0.0,0.007745999999999999,0.118191,0.0,0.0,0.0,0.0,0.0,0.0,0.0,0.0,0.0,0.0,0.0,1,0,12,0,0,1,0,0,0,0,0,0
247,566,52.54193482,13.2002218,Subur,3,3,2,2,3,2,1,1,0.0,0.00598,0.325961,0.210098,0.33164499999999997,0.0,0.05902,0.0,0.0,0.0,0.0,0.0,0.0,0.0,0.0,0.0,0.0,0.0,0.0,0.0,0.0,1,1,14,1,0,0,0,0,0,0,0,0
248,567,52.46445798,13.33512238,Subur,3,1,4,3,3,2,3,2,0.0,0.056766,0.227805,0.266914,0.327863,0.09299600000000001,0.016574000000000002,0.0,9e-05,0.0,0.000105,0.0,0.0,0.0,0.0,0.0,0.0,0.006914,0.0,0.0,0.0,1,0,4,0,0,1,0,0,0,0,0,0
249,568,52.48993299999999,13.4240813,Comm,2,2,4,4,2,3,5,3,0.0,0.118246,0.300008,0.106172,0.420699,0.013937999999999999,0.000562,0.0,0.00716,4.3e-05,0.0,9.4e-05,0.0,0.0,0.0,0.0,0.0,0.0,0.0,0.0,0.0,14,5,11,2,2,0,0,4,0,0,0,0
250,569,52.42198022,13.1970845,Subur,3,2,1,4,4,3,1,2,0.009551,0.0,0.137473,0.49760200000000004,0.26705500000000004,8.2e-05,0.000352,0.037258,0.0,0.0,0.032602,0.0,5.5e-05,0.002633,0.0,0.0,0.0,0.0,0.0,0.0,0.0,0,0,0,0,0,0,0,0,0,0,0,0
251,570,52.4596741,13.53386383,Subur,3,3,4,4,4,2,3,3,0.0,0.018300999999999998,0.23351999999999998,0.260535,0.23980900000000002,0.006129,0.0036560000000000004,0.156363,0.0,0.067898,0.0,0.0,0.0,0.0,0.0,0.0,0.0,0.0,0.0,0.0,0.0,0,0,2,0,0,0,0,0,0,0,0,0
252,571,52.4565783,13.434823000000002,Subur,3,4,4,4,4,2,4,3,0.000695,0.033324,0.126883,0.390281,0.22582,0.0008869999999999999,0.082027,0.009004,0.011211,0.019722999999999997,0.000117,0.0,0.0,0.0,0.0,0.0,0.0,0.0,0.0,0.0,0.0,1,0,11,0,1,0,0,0,0,0,0,0
253,572,52.55292205,13.56982237,Offi,1,2,3,3,2,3,4,2,0.03134,0.068512,0.180773,0.393246,0.25921500000000003,0.020059,0.00893,0.0,0.0,0.037926,0.0,0.0,0.0,0.0,0.0,0.0,0.0,0.0,0.0,0.0,0.0,0,0,0,0,0,0,0,0,0,0,0,0
254,574,52.54976172,13.55004708,Resi,0,4,4,3,2,4,3,3,0.007305,0.21823,0.230129,0.136312,0.219254,0.006816,0.0,0.0,0.0,0.11626600000000001,0.0,0.0,0.0,0.0,0.0,0.0,0.0,0.0,0.0,0.0,0.0,0,0,11,0,0,0,0,1,0,0,0,0
255,575,52.40561314,13.39323861,Resi,0,3,4,4,3,4,5,5,0.032297,0.007914000000000001,0.175555,0.245477,0.072949,3.1e-05,0.018801,0.068762,0.001219,0.021363,0.021824,0.0,0.0,0.011609,0.0,0.0,0.09041,0.0,0.0,0.0,0.0,0,0,3,0,1,0,0,0,0,0,0,0
256,577,52.53463239,13.34545498,Resi,0,3,5,5,5,3,3,5,0.0,0.190203,0.053140999999999994,0.337102,0.307836,0.018703,0.0,0.0,0.0,0.029426,0.010648000000000001,0.0,0.0,0.0,0.0,0.0,0.0,0.0,0.0,0.0,0.0,4,0,32,0,0,0,0,0,0,0,0,0
257,578,52.45666144,13.452753099999999,Resi,0,2,3,1,2,3,4,4,0.00473,0.088012,0.292344,0.16684000000000002,0.35580900000000004,0.072805,0.014055000000000002,0.0,0.0,0.001207,2.7000000000000002e-05,0.0,0.0,0.0,0.0,0.0,0.0,0.0,0.0,0.0,0.0,0,0,8,0,0,0,0,0,0,0,0,0
258,579,52.43819429,13.36130139,Subur,3,3,4,4,5,3,4,3,0.01316,0.047594,0.27334400000000003,0.231383,0.183137,0.024625,0.010218999999999999,0.017531,0.0,0.077875,0.031925999999999996,0.0,0.0,0.020961,0.0,0.0,0.0,0.0,0.0,0.0,0.0,0,0,5,0,0,0,0,0,0,0,0,0
259,581,52.43607513,13.36235762,Resi,0,2,2,3,2,3,3,3,0.0,0.171262,0.27855100000000005,0.100176,0.301512,0.015272999999999998,0.023125,0.0,0.0009220000000000001,0.041703,0.0,0.0,0.0,0.0,0.0,0.0,0.0,0.0,0.0,0.0,0.0,1,0,4,0,1,0,0,0,0,0,0,0
260,590,52.46539017,13.38118217,Resi,0,4,5,4,4,5,4,3,0.009148,0.281156,0.049578,0.25690599999999997,0.16166,0.0,0.023625,0.00020299999999999997,0.0,0.00022999999999999998,0.010848,0.0,0.0,0.014988,0.0,0.0,0.0,0.0,0.0,0.0,0.0,3,0,16,0,0,0,0,1,0,0,0,0
261,591,52.4611201,13.1559725,Subur,3,4,2,5,3,3,2,4,0.0,0.020305,0.115086,0.407926,0.21381599999999998,0.0014449999999999999,0.126898,0.00020299999999999997,0.0,0.054738,0.0,0.0,0.0,0.0,0.0,0.0,0.000262,0.0,0.0,0.0,0.0,1,0,0,0,0,0,0,0,0,0,0,0
262,593,52.51523919,13.47738708,Resi,0,4,5,2,3,5,3,3,0.0,0.33903099999999997,0.107055,0.130191,0.231852,0.021223,0.0,0.0,0.0,0.020387,0.0,0.0015429999999999999,0.0,0.0,0.0,0.0,0.0,0.0,0.0,0.0,0.0,0,0,23,1,0,0,0,0,0,0,0,0
263,594,52.45416070000001,13.32876876,Comm,2,5,4,3,2,4,5,5,0.0,0.266801,0.136684,0.171848,0.359633,0.014012,0.012559,0.0,1.2e-05,0.0,0.013699000000000001,0.000129,0.0,0.0,0.0,0.0,0.0,0.0,0.0,0.0,0.0,4,1,6,0,0,3,0,1,0,0,0,0
264,595,52.56904661,13.45589399,Subur,3,2,2,3,4,2,2,3,0.00022999999999999998,0.008117000000000001,0.37144099999999997,0.249793,0.326781,0.000582,0.012159999999999999,0.0,0.0,0.0047810000000000005,0.000465,0.0,0.000395,0.0,0.0,0.0,0.0,0.0,0.0,0.0,0.0,0,0,2,0,0,0,0,0,0,0,0,0
265,596,52.48752769,13.33226081,Resi,0,4,5,3,2,4,4,5,0.000562,0.226656,0.229508,0.093473,0.354652,0.0067659999999999994,0.0038009999999999997,0.0,5.1e-05,0.0,0.016941,0.001418,0.0,0.0,0.0,0.0,0.0,0.0,0.0,0.0,0.0,4,0,32,2,1,1,0,0,0,0,0,0
266,601,52.517364799999996,13.413684,Resi,0,3,5,5,2,5,3,5,0.0,0.37907399999999997,0.039832,0.214684,0.275789,0.019288999999999997,0.0,0.0,5.1e-05,0.013488,0.0,0.0,0.0,0.0,0.0,0.0,0.0,0.0,0.0,0.0,0.0,2,0,8,0,1,0,0,0,1,0,0,0
267,602,52.46698739,13.43819123,Resi,0,1,4,1,1,4,3,4,0.012206999999999999,0.214547,0.091074,0.262461,0.32850799999999997,0.008081999999999999,0.0,0.0,0.013406,0.0,0.0033710000000000003,0.000105,0.0,0.0,0.0,0.0,0.0,0.00277,0.0,0.0,0.0,0,0,1,0,2,0,3,1,0,0,0,1
268,603,52.53583376,13.55527573,Resi,0,1,1,4,4,3,3,3,0.036715,0.003102,0.238398,0.257027,0.191141,0.0,0.001078,0.0038829999999999997,0.000254,0.16648,0.0,0.0,0.0,0.0,0.0,0.0,0.0,0.0,0.0,0.0,0.0,1,0,2,0,0,0,0,0,0,0,0,0
269,605,52.53438103,13.47472089,Subur,3,3,3,3,4,3,3,1,0.000277,0.072402,0.266559,0.194977,0.395273,0.002867,0.019844,0.034855000000000004,0.001668,0.0,0.008816,0.0,0.0,0.0,0.0,0.0,0.0,0.0,0.0,0.0,0.0,1,0,3,0,1,0,0,0,0,0,0,0
270,606,52.43250403,13.46235519,Resi,0,4,4,2,3,2,4,4,0.0,0.119547,0.341328,0.09466799999999999,0.211918,0.063176,0.04657,0.001707,0.0,0.030055000000000002,0.0,0.0,0.0,0.0,0.0,1.6e-05,0.0,0.0,0.0,0.0,0.0,1,0,6,0,0,0,0,2,0,0,0,0
271,608,52.54861016,13.34899609,Resi,0,2,4,2,3,1,2,2,0.0,0.025625,0.332516,0.165422,0.340223,0.007047,0.096957,0.000227,1.2e-05,0.0,0.001586,0.000648,0.0,0.0,0.0,0.0,0.0,0.0,0.0,0.0,0.0,3,0,22,0,1,0,0,0,0,0,0,0
272,609,52.54376988,13.1333763,Rural,5,1,3,3,3,1,2,3,0.0,0.035988,0.401398,0.163746,0.24427,0.0,0.008284999999999999,0.024121,0.0,0.044195,0.005,0.0,0.0,0.0,0.0,0.0,0.0,0.0,0.0,0.0,0.0,0,0,6,0,0,0,0,0,0,0,0,0
273,610,52.57041444,13.56565919,Resi,0,4,3,1,3,2,3,2,0.0,0.08157400000000001,0.37382,0.080078,0.32856599999999997,0.0038979999999999996,0.026762,0.0,0.000582,0.0007379999999999999,0.0,0.003332,0.0,0.0,0.0,0.0,0.0,0.0,0.0,0.0,0.0,0,0,9,0,3,0,0,0,0,0,0,0
274,612,52.48925696,13.14068066,Rural,5,4,3,3,4,5,1,1,0.000227,0.0,0.10489100000000001,0.53484,0.21960500000000002,0.0,0.047164,0.09327300000000001,0.0,0.0,0.0,0.0,0.0,0.0,0.0,0.0,0.0,0.0,0.0,0.0,0.0,0,0,0,0,0,0,0,0,0,0,0,0
275,614,52.42136513,13.44958778,Subur,3,2,2,2,3,3,2,3,0.000312,0.0038090000000000003,0.28136300000000003,0.259102,0.333027,0.00116,0.028105,0.058684,0.003324,0.026961000000000002,4.3e-05,0.0,0.0,0.0,0.0,0.0,0.0,0.0,0.0,0.0,0.0,1,0,3,0,0,0,0,0,0,0,0,0
276,615,52.51586945,13.41808026,Subur,3,2,4,2,1,2,2,1,0.001125,0.068191,0.412188,0.021426,0.42279300000000003,0.000695,0.013219,0.011445,0.021379,0.0,0.016949000000000002,0.001625,0.0,0.0,0.0,0.0,0.0,0.0,0.0,0.0,0.0,10,2,11,2,1,0,0,1,1,0,1,0
277,616,52.43826382,13.55580145,Resi,0,4,3,3,2,2,4,4,0.016659999999999998,0.182773,0.323867,0.031781000000000004,0.226008,0.018831999999999998,0.096203,0.0,0.0,0.0033399999999999997,0.013297,0.00168,0.0,0.0,0.0,0.0,0.0,0.0,0.0,0.0,0.0,0,0,13,0,0,0,0,0,0,0,0,0
278,617,52.61956032,13.38881549,Rural,5,2,3,3,3,4,2,3,5.5e-05,0.308316,0.25038699999999997,0.10846099999999999,0.255816,0.0,0.005176,0.019426,0.0,0.046336,0.0,0.0,0.0,0.0,0.0,0.0,0.0,0.0,0.0,0.0,0.0,1,0,1,0,0,0,0,0,0,0,0,0
279,619,52.480688,13.328656299999999,Offi,1,3,4,1,2,3,4,3,0.0,0.07498400000000001,0.34134000000000003,0.115969,0.405629,0.021039,0.0,0.014793,0.0,0.0,0.019015999999999998,0.0,0.0,0.000824,0.0,0.0,0.0,0.0,0.0,0.0,0.0,5,0,20,0,0,0,0,0,0,0,0,0
280,620,52.39444734,13.57269995,Subur,3,3,3,3,4,1,4,3,0.039457,0.001535,0.408945,0.077699,0.18606199999999998,0.0,0.012812,0.19393,0.000785,0.014519999999999998,0.00827,0.0,0.0,0.0,0.0,0.0,0.0,0.0,0.0,0.0,0.0,0,0,3,0,1,0,0,0,0,0,0,0
281,621,52.55839519,13.57573257,Rural,5,4,2,5,4,1,1,3,0.0,0.0,0.403594,0.11740199999999999,0.234598,0.0,0.242664,0.0,0.0,0.0,0.0017420000000000003,0.0,0.0,0.0,0.0,0.0,0.0,0.0,0.0,0.0,0.0,0,0,0,0,0,0,0,0,0,0,0,0
282,624,52.506564299999994,13.458816800000001,Subur,3,3,3,2,3,2,3,4,0.000113,0.009581999999999999,0.316898,0.19558599999999998,0.296367,0.036305000000000004,0.009203,0.00043,0.050621,0.002039,0.029254000000000002,0.0,0.0,0.0,0.0,0.0,0.0,0.0,0.0,0.0,0.0,7,0,6,0,0,0,0,0,0,0,0,0
283,625,52.52016999999999,13.422058800000002,Offi,1,3,1,1,2,2,3,1,0.0007070000000000001,0.083508,0.39982,0.042672,0.393504,0.0009449999999999999,0.024027,0.0,0.002727,0.0,0.000242,3.5e-05,0.0,0.0,0.0,0.0,0.0,0.0,0.0,0.0,0.0,4,0,16,0,1,0,0,0,0,0,0,0
284,626,52.52003358,13.39154997,Comm,2,3,3,2,1,4,2,3,0.0,0.536891,0.100418,0.0,0.25957800000000003,0.007148000000000001,0.0,0.0,0.001008,0.0,0.0,0.0,0.0,0.0,0.0,0.0,0.0,0.0,0.008191,0.0,0.0,0,8,9,0,0,0,0,0,0,0,0,0
285,627,52.52647926,13.47874311,Offi,1,4,5,3,2,5,3,3,0.0,0.18526199999999998,0.053773,0.359309,0.251785,0.020078,0.020719,0.006113,0.000105,0.012473,0.004312,0.0,0.0,0.0,0.0,0.0,0.0,0.006398,0.0,0.0,0.0,3,0,13,0,0,0,0,0,0,0,0,0
286,628,52.50311311,13.49820287,Resi,0,4,4,3,3,3,3,4,0.009507999999999999,0.23819099999999999,0.23383600000000002,0.099895,0.325766,0.047262,0.0,0.0,0.0,0.022477,0.0,0.0,0.0,0.0,0.0,0.0,0.0,0.0,0.0,0.0,0.0,0,0,14,0,1,0,0,0,0,0,0,0
287,630,52.57407127,13.34996593,Resi,0,4,3,4,3,3,4,1,0.014426,0.10002,0.20579699999999998,0.230512,0.32235199999999997,0.0029690000000000003,0.09045700000000001,5.5e-05,0.0,0.020312,0.0,0.0,0.0,0.0,0.0,0.0,0.0,0.0,0.0,0.0,0.0,0,0,16,0,1,0,0,0,0,0,0,0
288,631,52.50088514,13.33365802,Resi,0,4,4,4,3,5,4,4,0.0,0.30918,0.022312000000000002,0.265324,0.280645,0.006441,0.0,0.0,0.0,0.0,0.0,0.0,0.0,0.0,0.0,0.0,0.0,0.0,0.0,0.0,0.0,0,4,22,0,1,1,0,1,0,0,0,0
289,632,52.54065318,13.54670191,Rural,5,4,3,3,4,2,1,3,0.0,0.011039,0.376465,0.160621,0.300562,0.026699,0.041382999999999996,0.0,0.019047,0.043660000000000004,0.014081999999999999,0.0,0.0,0.0014609999999999998,0.0,0.0,0.0,0.0,0.0,0.0,0.0,0,0,4,0,0,0,0,0,0,1,0,0
290,633,52.58228486,13.42870019,Subur,3,3,1,2,2,1,3,3,0.0,0.0,0.339816,0.222371,0.321305,0.020668000000000002,0.002055,0.0016760000000000002,0.025983999999999997,0.0,0.024441,0.0,0.0,0.0032700000000000003,0.0,0.0,0.0,0.0,0.0,0.0,0.0,0,0,2,0,0,0,1,2,0,0,0,0
291,634,52.52856920000001,13.1329467,Subur,3,1,2,2,3,2,3,3,0.0,0.039207,0.344254,0.133656,0.312809,0.008289,0.025113,0.008586,0.0027890000000000002,0.102848,0.001539,0.0,0.0,0.0,0.0,0.0,0.0,0.0,0.0,0.0,0.0,0,0,11,0,0,0,0,0,0,1,0,0
292,636,52.5284631,13.4562188,Offi,1,3,3,2,1,4,3,2,0.040148,0.508152,0.149855,0.0,0.276426,0.012586,0.0,0.001504,0.000266,0.0,0.005789,0.0,0.0,0.0,0.0,0.0030510000000000003,0.0,0.0,0.0,0.0,0.0,1,0,6,0,0,0,1,0,0,0,0,0
293,637,52.565450899999995,13.3165451,Subur,3,3,2,3,3,3,2,3,0.0,0.020492,0.164574,0.390383,0.292906,0.000793,0.031082,0.027358999999999998,0.0034100000000000003,0.015094,0.023535,0.0,0.0,0.0,0.0,0.00566,0.0,0.0,0.0,0.0,0.0,0,0,0,0,0,0,0,0,1,0,0,0
294,638,52.52472862,13.348119699999998,Resi,0,5,4,3,3,5,4,4,0.0,0.138445,0.077977,0.363832,0.251672,0.092754,0.0,0.0,0.008305,0.0,0.0,0.0,0.0,0.0,0.0,0.0,0.0,0.0,0.0,0.0,0.0,3,3,21,0,0,0,1,0,0,1,0,0
295,639,52.59052382,13.48994556,Rural,5,5,3,5,4,3,2,1,0.0,0.0,0.168,0.42154300000000006,0.266938,0.0,0.089371,0.02282,0.0,0.0,0.0,0.0,0.0,0.0,0.0,0.0,0.0,0.0,0.0,0.0,0.0,1,0,0,0,0,0,0,0,0,0,0,0
296,642,52.57272295,13.36149859,Resi,0,4,5,4,3,3,4,3,0.0,0.11018,0.20814499999999997,0.23032800000000003,0.15399200000000002,0.065414,0.0009880000000000002,0.10426600000000001,0.0,0.070664,0.001141,0.0,1.6e-05,0.0,0.0,0.0,0.0,0.0,0.0,0.0,0.0,0,0,9,0,0,0,0,0,0,0,0,0
297,643,52.5351703,13.6188717,Resi,0,4,4,4,2,3,3,3,8.6e-05,0.161273,0.323629,0.05363300000000001,0.22487100000000002,0.145266,0.01602,0.0,0.000215,0.03927,0.000133,0.005652,0.0,0.0,0.0,0.0,0.0,0.0,0.0,0.0,0.0,1,0,11,0,1,0,0,1,0,0,0,0
298,644,52.52724763,13.47161758,Resi,0,4,5,1,2,3,5,2,0.006359,0.24877,0.191367,0.099199,0.285113,0.010309,0.0,0.0,0.0,0.043754,0.0,0.0,0.0,0.0,0.0,0.0,0.0,0.0,0.0,0.0,0.0,0,3,25,0,1,0,1,0,1,0,0,0
299,645,52.49327425,13.57380678,Resi,0,3,3,4,5,2,4,4,0.009668000000000001,5.1e-05,0.340934,0.23229699999999998,0.242812,0.0,0.0026449999999999998,0.011375,0.0,0.040902,0.061078,0.0,0.0,0.0,0.0,0.0,0.0,0.0,0.0,0.0,0.0,2,0,1,0,0,0,0,0,0,0,0,0
