FID,surface,oneway,maxspeed,angle,latitude,longitude,highway,Name,area_index,count_station,count_Airbnb,count_hotel,count_POI,count_elder,elder_beds,distance_cityCenter(m),distance_Metro(m),area_park(m²),rent_price(HK$),rent_price(￥),Ave_rent_price ($),Ave_rooms,Ave_SA (m²),travel_time(mins),sky,road,sidewalk,tree,plant,building,grass,wall,earth,fence
8,asphalt,yes,0,173.975405,22.28393386,114.1279539,residential,"Central And Western
",1,71,4,8,323,12,589,5706.419111,313.9453687,54652.30444,38500,5005,31620.6897,2.1724,61.0661,34.23851467,0.01816,0.253863,0.088578,0,0,0.585891,0,0,0,0.006281
13,asphalt,0,0,81.03838282,22.28215392,114.1251968,secondary,"Central And Western
",1,71,2,5,253,11,789,6051.35215,350.9710796,46754.86671,27000,3510,32479.1667,2.2083,63.0037,36.3081129,0.03584,0.376332,0.029078,0.298297,0.025992,0.202648,0.003723,0.004219,0.000133,0.010277
23,asphalt,0,0,315.1624753,22.28107461,114.1522307,secondary,"Central And Western
",1,162,35,45,651,8,585,3412.942681,602.1433082,272470.9476,21770.8303,2830.207939,24088.7273,2.1758,55.0802,20.47765608,0.015723,0.275316,0.082598,0.000242,0.004238,0.537676,0,0,0,0.03018
37,asphalt,yes,80,250.8572191,22.288042,114.1383677,trunk,"Central And Western
",1,100,16,29,457,18,1087,4596.965512,538.2094215,137552.1889,15000,1950,33192.4528,2.1698,61.621,27.58179307,0.231574,0.332891,0,0.130746,0,0.23157,0,0.067758,0.000273,0.005117
48,asphalt,yes,0,104.1784915,22.28546535,114.1345878,residential,"Central And Western
",1,92,11,19,416,18,1083,5076.816964,190.1947856,130148.8883,36791.66667,4782.916667,32260.9756,2.2439,62.5328,30.46090178,0.025273,0.212789,0.072988,0.025566,0.01307,0.593652,0,0,0,0.025113
55,asphalt,yes,0,327.5735126,22.27762078,114.1574686,secondary_link,"Central And Western
",1,147,28,42,644,4,263,2889.750674,467.8559261,210747.0719,89000,11570,22634.9929,2.1738,53.5721,17.33850404,0.097441,0.341363,0,0.08102,0.000723,0.410984,0.001652,0.015785,0,0.001258
120,asphalt,yes,0,92.84801183,22.27578124,114.1565789,tertiary,"Central And Western
",1,140,27,33,602,1,44,3009.294721,684.9935867,205688.222,90333.33333,11743.33333,22663.9137,2.1763,53.7404,18.05576833,0.025578,0.184055,0.096254,0.034246,0.008594,0.522449,0,0,0,0
139,asphalt,yes,50,226.6226147,22.2865652,114.1314853,primary,"Central And Western
",1,77,11,14,366,16,892,5240.222452,503.9475878,117326.3598,28833.33333,3748.333333,31756.25,2.1562,60.2563,31.44133471,0.192535,0.26773,0.085367,0.065539,0.01098,0.291359,0.00093,0.016574,0,0.000824
152,concrete,yes,0,259.3721825,22.28266627,114.1286579,secondary,"Central And Western
",1,76,4,9,341,13,689,5740.296557,171.6251507,54926.70276,37250,4842.5,31620.6897,2.1724,61.0661,34.44177934,0.019402,0.190617,0.109039,0,0,0.557484,0,0,0,0
166,asphalt,yes,0,81.06980959,22.28217368,114.1493153,tertiary,"Central And Western
",1,161,37,47,673,12,789,3717.525346,556.8482083,225209.251,38753.33333,5037.933333,23997.8698,2.1598,54.4989,22.30515208,0.012938,0.004242,0.205863,0.004238,0.00068,0.639074,0,0.031988,0,0.000516
224,concrete,yes,0,192.3128459,22.28628537,114.1512065,tertiary,"Central And Western
",1,155,37,47,598,11,750,3572.58247,90.58684159,264491.0525,20000,2600,24015.7143,2.1667,54.6607,21.43549482,0,0.160281,0.130738,0,0,0.670621,0,0,0,0
275,asphalt,yes,80,276.2411899,22.28872785,114.1451772,trunk,"Central And Western
",1,125,30,45,591,18,1087,4053.540665,437.2866813,142886.5509,31000,4030,24806.4773,2.1761,55.8395,24.32124399,0.304453,0.372176,0,0.001969,0,0.231375,0,0.00902,0.016883,0.047633
281,concrete,yes,0,238.3448046,22.28613034,114.1374724,secondary,"Central And Western
",1,101,16,27,459,19,1127,4809.592239,312.981276,137552.1889,18000,2340,32847.1698,2.2264,61.9523,28.85755343,0.013879,0.156262,0.086867,0.067844,0,0.540148,0,0.075641,0,0
289,asphalt,no,0,350.1731884,22.2786439,114.153199,secondary,"Central And Western
",1,153,33,44,608,7,485,3318.665093,612.9999264,271121.3096,22065.03145,2868.454088,24137.5155,2.1863,55.3396,19.91199056,0.013793,0.263137,0.016055,0.000449,0.015465,0.569176,0,0.034719,0,0.004895
293,asphalt,yes,0,95.33109472,22.28778038,114.1462866,secondary,"Central And Western
",1,130,38,46,640,15,940,4060.450787,441.9873448,142886.5509,26333.33333,3423.333333,24876.0674,2.1742,55.8921,24.36270472,0.005914,0.352258,0.034477,0,0,0.570246,0,0,0,0
337,concrete,yes,0,79.50764597,22.28311162,114.1271961,secondary,"Central And Western
",1,80,4,8,307,12,589,5824.428438,252.9201176,46754.86671,29833.33333,3878.333333,32314.8148,2.1852,62.1487,34.94657063,0.010734,0.306293,0.049102,0.000809,0,0.59348,0,0,0,0.026129
385,asphalt,no,0,31.65994499,22.2815983,114.1320837,primary,"Central And Western
",1,88,4,11,398,16,892,5557.72376,381.0208135,72257.30268,15000,1950,31756.25,2.1562,60.2563,33.34634256,0.125469,0.275484,0.044926,0.336836,0,0.047449,0,0.062043,0,0.006273
393,concrete,yes,0,309.6964224,22.2843135,114.1540135,secondary,"Central And Western
",1,158,35,45,609,8,585,3256.484515,316.2564487,265783.9817,30000,3900,24088.7273,2.1758,55.0802,19.53890709,0.028133,0.115203,0.084574,0,0,0.529016,0,0,0,0.001324
405,0,0,0,72.19845332,22.27374342,114.1555792,residential,"Central And Western
",1,116,23,24,528,1,44,3156.344325,929.4036076,162021.0353,108000,14040,23986.6234,2.1818,55.6525,18.93806595,0.1605,0.09277,0.005062,0.508234,0,0.096344,0,0.010719,0.00102,0.063031
419,concrete,yes,0,348.2630847,22.2832301,114.1289914,residential,"Central And Western
",1,76,4,9,349,13,689,5673.675984,239.6410861,54652.30444,37250,4842.5,31780.6452,2.1613,60.5398,34.04205591,0.051859,0.043242,0.132613,0.005375,0,0.548,0,0,0,0
421,concrete,yes,0,91.97924737,22.2856991,114.1408639,residential,"Central And Western
",1,116,29,37,574,18,1087,4599.874938,201.186157,138630.1949,26000,3380,24853.2597,2.1713,55.6869,27.59924963,0.018719,0.143039,0.073539,0.090461,0.001691,0.461488,0,0.076184,0,0.00127
461,asphalt,yes,0,164.0744388,22.2764211,114.1556621,tertiary,"Central And Western
",1,138,27,37,598,2,197,3091.339013,646.4068536,196472.453,84750,11017.5,23911.0127,2.1835,55.3184,18.54803408,0,0.259996,0.039281,0.053996,0.03927,0.53323,0,0.00984,0,0.017219
501,asphalt,yes,0,283.4008973,22.28657089,114.1329938,secondary,"Central And Western
",1,83,11,15,372,17,943,5119.872579,386.8354804,119491.8131,41142.85714,5348.571429,31148.5714,2.1429,59.0385,30.71923547,0.08398,0.299562,0.015508,0.003273,0,0.476551,0,4.00E-06,0,0.005871
510,asphalt,0,0,287.8344077,22.28285002,114.1495713,secondary,"Central And Western
",1,159,37,47,663,12,789,3695.759249,479.1483162,271178.0184,45071.42857,5859.285714,23997.8698,2.1598,54.4989,22.1745555,0.047473,0.216145,0.053547,0.023488,0.00018,0.615496,0,0,0,0.03698
535,asphalt,yes,0,253.1529596,22.28256135,114.1443384,unclassified,"Central And Western
",1,138,39,48,704,18,1087,4231.977506,357.8049911,149573.5168,39000,5070,25019.7826,2.1848,56.2624,25.39186504,0.039895,0.155047,0.117828,0.351723,0,0.203516,0,0.019805,0,0.001195
564,asphalt,0,0,22.54120054,22.27598179,114.1540119,residential,"Central And Western
",1,143,27,39,581,2,197,3266.751797,769.3678277,193878.3389,61250,7962.5,23911.0127,2.1835,55.3184,19.60051078,0.06377,0.084648,0.057262,0.144199,0.000934,0.515211,0,0.011559,0.003258,0.010793
568,asphalt,0,0,109.9775071,22.27495812,114.1676103,secondary,"Central And Western
",1,142,34,44,646,7,554,1926.474091,536.7716964,225456.0637,40000,5200,21922.8533,2.1067,51.4175,11.55884455,0.018398,0.21875,0.086668,0.415336,0.071371,0.127289,7.00E-05,0.044426,0.002738,0.00959
640,asphalt,yes,0,326.894436,22.2809442,114.1283957,secondary,"Central And Western
",1,86,4,8,335,14,954,5886.036293,20.97556859,47660.12791,22500,2925,31620.6897,2.1724,61.0661,35.31621776,0.057785,0.323559,0.053707,0.050484,0.00241,0.442734,0,0.001574,0,0.001129
666,concrete,0,0,91.87064007,22.28610506,114.1441388,tertiary,"Central And Western
",1,133,31,46,648,18,1087,4344.172568,155.6000761,160954.2337,29750,3867.5,24823.6872,2.1732,55.8539,26.06503541,0.013945,0.284691,0.076746,0.142602,0,0.252902,0,0.183012,0,0.000105
681,asphalt,yes,0,254.8599459,22.27647772,114.1558869,secondary,"Central And Western
",1,139,27,37,599,2,197,3067.507906,631.9743034,196472.453,90800,11804,23952.75,2.1812,55.2465,18.40504743,6.60E-05,0.458102,0.008727,0.30884,0,0.124527,0,0.00159,0.004082,0.044629
856,asphalt,yes,0,32.0488597,22.28568877,114.1509485,residential,"Central And Western
",1,157,37,47,608,11,750,3591.215047,145.5789677,264491.0525,25500,3315,24015.7143,2.1667,54.6607,21.54729028,0,0.124586,0.046117,0.017363,0,0.575238,0,0.02559,0,0.001109
896,asphalt,0,0,183.059829,22.28094226,114.1298067,tertiary,"Central And Western
",1,87,4,9,364,15,1054,5778.464843,144.3880552,49392.05917,24100,3133,31780.6452,2.1613,60.5398,34.67078906,0.048109,0.139621,0.109953,0.009156,0.012789,0.593086,0,0.06757,0,0.011871
934,concrete,yes,0,79.50764597,22.2830355,114.1267545,secondary,"Central And Western
",1,76,4,8,300,12,589,5865.082847,271.8486628,46754.86671,25500,3315,32314.8148,2.1852,62.1487,35.19049708,0.008742,0.298156,0.058227,0,0,0.573039,0,0,0,0.010668
953,asphalt,yes,0,130.0783842,22.28530998,114.1487371,tertiary,"Central And Western
",1,155,37,48,666,12,789,3810.191685,366.5209757,157995.5546,16000,2080,23997.8698,2.1598,54.4989,22.86115011,0.010527,0.19382,0.067824,0,0,0.580473,0,0,0,0
984,asphalt,yes,0,93.43208898,22.2845608,114.1342305,primary_link,"Central And Western
",1,90,11,17,409,18,1083,5171.698523,146.6069514,130148.8883,36791.66667,4782.916667,32260.9756,2.2439,62.5328,31.03019114,0.269691,0.199363,0.177727,0.148195,0,0.092602,0,0.009832,0,0.032383
997,asphalt,no,50,64.4143445,22.2842265,114.1337439,primary,"Central And Western
",1,88,11,16,399,18,977,5233.643366,183.7746062,119491.8131,36791.66667,4782.916667,30727.7778,2.1389,58.3586,31.4018602,0.154918,0.25148,0.060148,0.02023,0,0.255555,0,0.231906,0,0.006105
1082,asphalt,yes,0,349.386636,22.307673,114.228364,tertiary,"Kwun Tong 
",2,120,11,4,153,13,1085,5314.015252,485.6294153,222933.9876,18333.33333,2383.333333,22348.2517,2.3566,57.8078,31.88409151,0.117734,0.295887,0.059633,0.13675,0.000457,0.315855,0.00182,0,0.005977,0.034418
1196,asphalt,yes,0,326.4214418,22.3037659,114.2266899,secondary,"Kwun Tong 
",2,82,9,3,116,5,352,4902.68406,727.8721645,144528.2205,23262.06897,3024.068966,22395.8904,2.363,57.9772,29.41610436,0.176875,0.358164,0,0.183512,0,0.150531,0.009922,0,0.000145,0.058914
1202,asphalt,yes,70,83.50369769,22.30846834,114.2273554,motorway_link,"Kwun Tong 
",2,122,11,4,151,12,948,5178.427709,426.0011873,225504.266,17500,2275,22348.2517,2.3566,57.8078,31.07056626,0.315008,0.391715,0.001332,0.059426,0,0.17268,0,0.035562,0,0.006391
1341,asphalt,0,0,32.85717799,22.3278526,114.2149894,tertiary,"Kwun Tong 
",2,132,3,3,118,21,1548,2810.820397,504.1909174,320003.0514,11900,1547,20899.5973,2.1946,53.0457,16.86492238,0.033426,0.289582,0.03952,0.022027,0.040234,0.468789,0.005137,0.002785,0.004254,0.035176
1352,asphalt,0,50,84.90615776,22.32031466,114.2129533,unclassified,"Kwun Tong 
",2,119,9,6,154,14,1068,3207.312295,358.1941629,225313.827,16500,2145,20955.0365,2.2044,53.2266,19.24387377,0.033816,0.360617,0.047953,0.023492,0,0.502285,0,0,0,0.003703
1406,asphalt,0,0,318.544741,22.2922386,114.237475,unclassified,"Kwun Tong 
",2,28,0,0,38,6,496,5483.650722,621.9745088,93451.74813,14816.66667,1926.166667,20967.1241,2.2138,54.4283,32.90190433,0.035988,0.360758,0.033418,0.03232,0,0.525004,0,0,0,0.005992
1481,concrete,yes,0,348.7825284,22.3149506,114.2242431,residential,"Kwun Tong 
",2,154,11,6,179,17,1171,4448.0071,382.5704562,193376.8776,20000,2600,21606.3504,2.281,55.4851,26.6880426,0.034125,0.307703,0.020262,0,0.00041,0.513754,0,0.008836,0,0.003402
1537,concrete,yes,0,293.8417834,22.3133739,114.225336,secondary,"Kwun Tong 
",2,157,11,6,174,16,1128,4649.206827,176.9144066,182874.725,26164.28571,3401.357143,21729.037,2.2889,55.7645,27.89524096,0.064941,0.335785,0.034984,0.126652,0,0.324402,0,0,0,0.027652
1622,concrete,yes,0,293.0877786,22.3135089,114.2250045,secondary,"Kwun Tong 
",2,154,11,6,172,16,1128,4614.063111,212.0409429,194651.0116,26164.28571,3401.357143,21729.037,2.2889,55.7645,27.68437866,0.059059,0.348945,0.029379,0.202598,0.005973,0.276398,0.001637,0,0.000816,0
1924,concrete,yes,0,293.1320981,22.3134709,114.2251001,secondary,"Kwun Tong 
",2,154,11,6,172,16,1128,4624.124003,201.9011405,194651.0116,26164.28571,3401.357143,21729.037,2.2889,55.7645,27.74474402,0.061121,0.346641,0.049297,0.171805,0.006074,0.317973,0,0.001875,0,0.006246
1965,0,yes,0,10.15209989,22.30695545,114.2284253,tertiary,"Kwun Tong 
",2,118,11,4,150,12,989,5238.737158,469.2840902,204559.2585,18125,2356.25,22348.2517,2.3566,57.8078,31.43242295,0.094875,0.266172,0.08234,0.100734,0.024039,0.36393,0.000977,0.028953,0,0.024566
2005,asphalt,yes,70,216.3751188,22.30183698,114.1861141,primary,"Yau Tsim Mong
",3,82,80,44,513,3,264,2241.825684,480.3006649,135572.8062,27933.33333,3631.333333,25896.1538,2.2692,58.7719,13.4509541,0.225199,0.450172,0.008945,0.001207,0.000754,0.165711,0.000168,0.023805,0.001234,0.007691
2089,asphalt,yes,0,243.4013166,22.31842211,114.1633509,primary,"Yau Tsim Mong
",3,179,529,40,879,31,1907,825.0601623,313.1512309,246589.0041,31000,4030,23310.9684,2.2759,55.3499,4.950360974,0.135172,0.394703,0.008785,0.179723,0.007215,0.182574,0.00775,0,0,0.038078
2153,asphalt,yes,0,286.8070641,22.3169506,114.157058,unclassified,"Yau Tsim Mong
",3,92,204,18,412,26,1562,1441.520535,355.4073945,233165.2553,42000,5460,23457.9444,2.2924,55.7451,8.649123208,0.087371,0.338535,0.045621,0.25318,0.029375,0.206262,0.000574,0,0.000117,0.001785
2158,asphalt,yes,0,50.38866859,22.31884733,114.1624354,primary,"Yau Tsim Mong
",3,169,447,40,858,28,1608,929.0289247,244.0147315,239201.1483,22250,2892.5,23134.654,2.2757,55.1138,5.574173548,0.035594,0.282086,0.006559,0.168602,0.026715,0.22334,0.05175,0,0,0.037781
2184,asphalt,yes,0,189.3871767,22.29735285,114.1755993,secondary,"Yau Tsim Mong
",3,95,831,75,1183,4,244,2021.159238,197.2478603,190920.4924,30500,3965,30838.0952,2.1905,60.9134,12.12695543,0.094973,0.430574,0.014965,0.125457,0,0.298984,0,0,0,0
2190,asphalt,yes,0,71.44953343,22.3174382,114.1579096,secondary,"Yau Tsim Mong
",3,115,373,21,548,26,1562,1357.75713,259.4245759,231614.7992,40142.85714,5218.571429,23440.5743,2.2886,55.6901,8.146542783,0.132953,0.299305,0.016684,0.278141,0.042367,0.077367,0.014215,0.099277,0,0.01877
2297,concrete,yes,0,356.2072788,22.30399101,114.1697102,residential,"Yau Tsim Mong
",3,142,912,93,1399,4,135,1371.684164,246.7762217,406880.4286,10500,1365,26005.2038,2.3822,60.6219,8.230104987,0.016871,0.014285,0.091184,0,0,0.611977,0,0,0,0
2321,concrete,yes,0,147.4614653,22.30514546,114.1673499,primary,"Yau Tsim Mong
",3,134,990,88,1432,7,338,1293.947721,126.8837026,376198.5208,28912.5,3758.625,26275.5786,2.4088,61.0934,7.763686325,0.022199,0.2585,0.112312,0.222738,0.002816,0.272254,0,0,0.001211,0.064945
2327,asphalt,yes,0,41.94061947,22.31748822,114.1566534,secondary,"Yau Tsim Mong
",3,84,196,18,356,26,1562,1487.162242,387.9189245,231614.7992,40954.54545,5324.090909,23197.6766,2.2878,55.336,8.922973454,0.047453,0.40457,0.027816,0.209387,0.013676,0.247223,0.00432,0.000984,0,0.005707
2470,concrete,yes,0,302.610683,22.31189109,114.1766738,trunk_link,"Yau Tsim Mong
",3,216,643,67,1152,19,1563,760.2825519,624.3026585,317485.0018,41000,5330,23113.7616,2.2267,57.4886,4.561695312,0.180484,0.285465,0.080047,0.207176,0.022523,0.097992,0.002266,0,0,0
2483,asphalt,yes,0,225.7878604,22.3182686,114.1630453,primary,"Yau Tsim Mong
",3,173,528,40,872,29,1684,850.8341835,278.5054291,212145.992,26142.85714,3398.571429,23561.5212,2.2805,55.746,5.105005101,0.178254,0.371152,0.031148,0.041684,0.000898,0.25727,0.001266,0.006191,0,0.039434
2484,concrete,yes,0,85.10990518,22.3030684,114.1687358,secondary,"Yau Tsim Mong
",3,128,894,92,1343,4,135,1486.028949,255.0975199,375173.8094,21500,2795,26102.0452,2.3935,60.7891,8.916173693,0.034211,0.246402,0.004258,0.001836,0,0.548289,0,0.04002,0,0.034559
2530,asphalt,yes,0,167.1374317,22.30330714,114.1680723,primary,"Yau Tsim Mong
",3,125,907,92,1353,4,135,1472.563014,183.143791,384738.7531,24666.66667,3206.666667,26056.5192,2.391,60.7335,8.835378086,0.081836,0.266117,0.006105,0.003527,0,0.565395,0,0,0,2.30E-05
2563,asphalt,yes,0,100.9072115,22.30902292,114.1659499,secondary,"Yau Tsim Mong
",3,143,617,70,1097,14,825,962.6081775,526.9013716,376877.1267,21250,2762.5,26553.6054,2.4108,61.4059,5.775649065,0.174883,0.277699,0.079941,0.031688,1.20E-05,0.361672,0.027777,0.000113,1.20E-05,0.015297
2578,asphalt,yes,0,171.9431992,22.30470912,114.1836676,tertiary,"Yau Tsim Mong
",3,125,289,58,769,8,577,1829.498921,268.316688,299099.977,18000,2340,21917.4497,2.2282,55.7611,10.97699353,0.051102,0.17841,0.020625,0.001734,0.126273,0.438648,0,0.031219,0,0.000375
2660,0,yes,0,176.7346324,22.302683,114.1639074,secondary,"Yau Tsim Mong
",3,98,878,76,1184,4,135,1678.77734,209.1604983,370201.2776,39000,5070,26056.5192,2.391,60.7335,10.07266404,0.151145,0.348926,0.006992,0,0,0.320316,0,0.077887,0,0.056953
2700,asphalt,0,0,93.64513243,22.32029578,114.1571405,residential,"Yau Tsim Mong
",3,133,226,18,473,30,1839,1409.525865,442.7201306,215128.5976,22705.26316,2951.684211,22779.6573,2.2113,53.4319,8.457155193,0.107348,0.289055,0.081633,0.105004,0.038402,0.32248,4.70E-05,0.006469,0.003672,0.018809
2744,concrete,yes,0,190.7807204,22.32004142,114.1640104,unclassified,"Yau Tsim Mong
",3,193,442,41,894,35,2216,832.7884957,452.2693117,275332.9008,21000,2730,22864.9862,2.2018,53.539,4.996730974,0.027465,0.16025,0,0.061367,0,0.390402,0,0,0,0
2745,0,yes,0,349.3319633,22.31748529,114.1727146,residential,"Yau Tsim Mong
",3,195,596,48,969,34,2366,181.9618363,400.1972508,203450.5157,19500,2535,22589.9323,2.2448,56.2073,1.091771018,0.041293,0.164004,0.195676,0.008449,0,0.564059,0,0,0,0
2892,asphalt,yes,0,265.9303555,22.3029419,114.1680187,primary,"Yau Tsim Mong
",3,125,889,92,1340,4,135,1513.277476,204.5733136,375173.8094,24666.66667,3206.666667,26102.0452,2.3935,60.7891,9.079664858,0.021992,0.345914,0.05491,0.004164,0.006027,0.360234,0,0.001562,0,0
2916,0,yes,0,178.1497726,22.3028357,114.1639021,secondary,"Yau Tsim Mong
",3,98,879,77,1190,4,135,1663.828089,194.2326794,363858.3905,39000,5070,26056.5192,2.391,60.7335,9.982968536,0.28473,0.432465,0.005164,0,0,0.265215,0,0,0,0.003695
3027,asphalt,yes,100,157.7192281,22.43171521,114.2011586,motorway,"Tai Po
",4,22,0,0,37,0,0,9971.325441,2210.422418,53898.66657,36666.66667,4766.666667,27247.8261,2.6957,77.1862,59.82795265,0.334414,0.406902,0.001012,0.126227,0.00241,0.024215,0.000391,0.006816,0.019051,0.04957
3079,asphalt,yes,0,7.192372008,22.4508683,114.1672601,secondary,"Tai Po
",4,78,7,0,240,11,879,10235.7135,619.106127,441760.4359,13500,1755,22085.0667,2.3333,58.3334,61.41428097,0.173906,0.34823,0.003031,0.225695,0,0.056727,0,0.00648,0.006836,0.05466
3149,0,yes,0,107.5072153,22.4425393,114.1664259,residential,"Tai Po
",4,57,6,0,208,7,550,9381.374989,492.3177069,402717.2609,11000,1430,22102.6738,2.3316,58.3518,56.28824993,0.170699,0.399066,0.032312,0.168586,0.006938,0.171535,0,0.004227,0,0.009656
3168,asphalt,yes,100,154.5565939,22.43450905,114.2002641,motorway,"Tai Po
",4,19,0,0,24,0,0,10271.75897,2530.439889,53898.66657,56000,7280,27570.8333,2.7083,78.1856,61.63055383,0.298883,0.382926,0.007812,0.085492,0.002742,0.025324,0.026348,0.005648,0.000129,0.051594
3349,concrete,0,0,167.5566537,22.451998,114.1560747,cycleway,"Tai Po
",4,45,2,0,181,7,525,9883.401365,544.667714,121898.3407,23000,2990,22060.4255,2.3319,58.5123,59.30040819,0.058449,0.313055,0.049199,0.29448,0.01232,0.219574,0.000703,0,0.003992,0.037406
3350,asphalt,yes,0,22.11465393,22.4529929,114.1622149,secondary,"Tai Po
",4,71,6,0,225,9,689,10225.15841,246.5972959,205033.9764,22750.26144,2957.533987,21736.9919,2.3252,57.8597,61.35095046,0.171281,0.245043,0.057234,0.226508,0.000344,0.148102,0.020414,0.016957,0,0.062012
3361,asphalt,yes,0,87.86560817,22.45447648,114.1739975,tertiary,"Tai Po
",4,85,7,0,225,11,879,10915.51641,1141.800536,382587.2011,15500,2015,22205.8172,2.3213,58.2499,65.49309849,0.029543,0.283109,0.016883,0.325418,0.012867,0.133328,0.00468,0.018816,0.001648,0.090285
3553,0,0,0,60.42478363,22.4426845,114.1664376,cycleway,"Tai Po
",4,58,6,0,208,8,625,9396.009709,483.8120848,402717.2609,11000,1430,22102.6738,2.3316,58.3518,56.37605826,0.073723,0.327582,0.058559,0.395879,0.017836,0.056656,0.003418,0.010535,0.000789,0.007633
3571,0,0,0,103.4019675,22.442979,114.1694299,cycleway,"Tai Po
",4,62,6,0,218,8,625,9577.581657,222.8272854,369977.0012,16000,2080,22125.9542,2.3511,58.4948,57.46548994,0.297855,0.187988,0.124832,0.209594,0.029555,0.005395,0.001828,0.006203,0.007289,0.100457
3637,0,0,0,167.3365373,22.45341054,114.1725951,cycleway,"Tai Po
",4,83,7,0,229,11,879,10742.12536,990.797503,403083.1305,14000,1820,22205.2486,2.3232,58.3072,64.45275218,0.14225,0.228176,0.045844,0.309109,0.022898,0.100996,0,0.00025,0.128176,0.00682
3833,0,0,0,104.7354251,22.4535503,114.1606658,cycleway,"Tai Po
",4,56,5,0,221,7,525,10218.61062,293.4081574,192599.4367,22750.26144,2957.533987,21736.9919,2.3252,57.8597,61.31166373,0.143727,0.311309,0.026746,0.31775,0.008746,0.099793,0.026637,0.0185,0.043238,0.003555
3937,asphalt,yes,0,20.22565155,22.4527267,114.1656057,secondary,"Tai Po
",4,77,7,0,238,11,879,10344.54384,489.6965232,442262.1364,13500,1755,22212.1884,2.3186,58.1838,62.06726304,0.11559,0.306324,0.036141,0.119863,0.004535,0.315379,0,0,0,0.014305
4139,concrete,yes,70,269.5641902,22.34165942,114.1966207,trunk,"Wong Tai Sin
",5,149,7,2,166,24,2135,440.4130677,235.895147,666872.8175,27500,3575,23224,2.28,56.0985,2.642478406,0.144559,0.205938,0.091258,0.250504,0.00559,0.174883,0,0.003488,0,0
4159,asphalt,yes,70,90,22.3417825,114.1974765,trunk,"Wong Tai Sin
",5,146,7,1,159,24,2135,527.3170618,324.5868835,662364.8937,27333.33333,3553.333333,22941.6667,2.25,55.4941,3.163902371,0.177559,0.310363,0,0.178492,0.055758,0.138023,0.081598,0.026492,0,0.001461
4306,asphalt,yes,0,26.11047891,22.3431712,114.1986376,secondary,"Wong Tai Sin
",5,137,7,1,150,23,2060,658.1533861,462.4050644,437622.7973,13600,1768,20650,2.3333,51.4915,3.948920317,0.065816,0.25716,0.007488,0.00991,0,0.480805,0,0.00568,0,0
4336,concrete,yes,0,110.4144108,22.3398969,114.2021357,secondary,"Wong Tai Sin
",5,141,8,1,152,25,2350,1034.127988,56.3676738,513568.1,18000,2340,21873.3333,2.2667,54.1067,6.204767926,0.154148,0.279531,0.058277,0.305137,0.015754,0.112297,0,0.04077,0.000629,0.009344
4473,concrete,yes,0,176.5993388,22.3412305,114.1984539,trunk_link,"Wong Tai Sin
",5,151,7,1,159,24,2135,633.6142182,350.8490357,568405.5574,20466.66667,2660.666667,23845.1613,2.3226,57.3062,3.801685309,0.244617,0.288746,0.005457,0.220238,0,0.116348,0,0.004746,0,0.028922
4560,concrete,yes,0,9.214626926,22.3406876,114.1982319,secondary,"Wong Tai Sin
",5,158,7,2,160,24,2135,622.6627588,355.3970146,592958.6636,27500,3575,23845.1613,2.3226,57.3062,3.735976553,0.169438,0.327629,0.029605,0.222859,0,0.06393,0,1.20E-05,0,0.102605
4795,asphalt,yes,0,228.9380958,22.345795,114.1998355,secondary,"Wong Tai Sin
",5,116,7,1,136,23,2060,874.6375372,662.6532765,371957.7103,16000,2080,21163.6364,2.4545,52.3213,5.247825223,0.125211,0.278984,0.066402,0.225172,0,0.238133,0,0.001805,0,0.048781
4843,concrete,yes,0,40.70920038,22.33995221,114.2032658,secondary,"Wong Tai Sin
",5,136,8,1,151,23,2274,1146.493437,170.6953708,426485.8001,18000,2340,21873.3333,2.2667,54.1067,6.878960624,0.105137,0.322527,0.006578,0.037984,0.017262,0.34732,0,0.018953,0,0.001539
4874,asphalt,0,0,152.9652133,22.34105544,114.2030058,secondary,"Wong Tai Sin
",5,130,8,1,145,22,2016,1101.550619,182.1566754,423766.7304,18000,2340,21873.3333,2.2667,54.1067,6.609303711,0.153281,0.271465,0.097195,0.201391,0,0.235207,0.020066,0.014707,0.003781,0.001809
4972,concrete,yes,0,304.8390885,22.33591081,114.19569,residential,"Wong Tai Sin
",5,167,11,2,237,20,1879,760.3424217,645.4758137,733989.553,19000,2470,24652.7778,2.3611,59.7289,4.56205453,0,0.201805,0.102375,0,0,0.602195,0,0,0,0
5003,asphalt,yes,0,227.7123604,22.3045241,114.2534132,tertiary,"Sai Kung
",6,38,1,1,37,3,444,7537.765137,120.532564,200738.4298,18912.5,2458.625,20948.5577,2.2356,53.5255,45.22659082,0.055555,0.415391,0.021652,0.027469,0.003758,0.443891,3.10E-05,0,0,0.016918
5004,0,yes,0,73.63403775,22.32030125,114.2565487,residential,"Sai Kung
",6,69,2,0,54,10,1156,7036.831795,301.3433928,258046.6915,18900,2457,20280.5096,2.1847,52.0195,42.22099077,0.087711,0.053711,0.236301,0.280871,0.002234,0.133039,0,0.102746,0,0.064699
5200,asphalt,0,50,250.8204305,22.2980312,114.2720053,residential,"Sai Kung
",6,19,0,0,10,2,80,9097.688422,424.25225,49391.51733,20390.90909,2650.818182,21302.9268,2.3049,55.4821,54.58613053,0.444461,0.373973,0.023496,0.025469,0,0.010332,0.000578,0.009316,0.010379,0.009867
5225,asphalt,yes,70,126.6985691,22.31406977,114.2629542,trunk,"Sai Kung
",6,86,1,1,40,8,979,7904.436769,225.5564151,262842.9407,16844.44444,2189.777778,20825.2248,2.2013,53.1622,47.42662061,0.155289,0.258648,0.00527,0.006191,0,0.379117,0,0.155867,0.026207,0
5405,asphalt,yes,50,0.862940057,22.3047987,114.2614262,tertiary,"Sai Kung
",6,53,1,1,32,3,444,8223.887913,330.0529228,202182.2244,21604.67066,2808.607186,20849.0226,2.2857,54.2649,49.34332748,0.055445,0.391324,0.052234,0.112844,0.03523,0.269527,0.007637,0.000426,0,0.000711
5543,0,0,0,138.1276122,22.30494538,114.2535125,cycleway,"Sai Kung
",6,38,1,1,38,3,444,7520.714542,153.5186629,200738.4298,18828.57143,2447.714286,20948.5577,2.2356,53.5255,45.12428725,0.272938,0.096945,0.000426,0.078121,2.00E-05,0.196805,0,0.05407,0,0.013578
5668,0,0,0,226.3836766,22.377187,114.2645186,secondary,"Sai Kung
",6,18,4,0,40,1,50,8389.185311,5521.981862,22807.49647,21500,2795,21500,2,62.0592,50.33511187,0.276934,0.361676,0.007578,0.221828,0,0.065895,0,4.70E-05,2.70E-05,0.032938
5734,asphalt,yes,0,161.5871452,22.3082503,114.2581969,residential,"Sai Kung
",6,60,1,1,35,4,565,7746.034588,201.2623261,262147.9484,17276.47059,2245.941176,20751.5419,2.2335,53.2318,46.47620753,0.072387,0.375715,0.043016,0.080316,0.005203,0.416457,0,0,0,0
5743,0,yes,50,33.87095354,22.3140864,114.2581126,motorway_link,"Sai Kung
",6,87,1,1,49,8,979,7447.329903,672.47033,315575.9168,16500,2145,20755.5828,2.2065,53.1054,44.68397942,0.321652,0.388051,0.00023,0.113219,0,0.035883,0.054051,0,0,0.019637
5768,asphalt,yes,0,69.80429108,22.30786645,114.2622468,secondary,"Sai Kung
",6,63,1,1,36,4,565,8133.567417,241.6291385,262147.9484,20057.14286,2607.428571,20911.9598,2.2864,54.3511,48.8014045,0.174621,0.319613,0.041566,0.020684,0.01798,0.289457,0.000555,0.014992,0,0.007977
5779,0,yes,0,330.3566926,22.3254668,114.2588071,secondary,"Sai Kung
",6,58,1,0,45,9,1042,7086.564741,316.4019969,227203.8429,16800,2184,20765.6537,2.1908,53.1668,42.51938845,0.217941,0.343281,0.025039,0.216777,0.015547,0.029992,0.016652,0.00891,0,0.044695
5820,asphalt,yes,0,147.3344068,22.31509435,114.2659418,tertiary,"Sai Kung
",6,80,1,1,40,7,874,8146.236788,162.8388992,240897.3462,18062.5,2348.125,20846.7974,2.1983,53.1537,48.87742073,0.057668,0.20934,0.034395,0.168477,0.109285,0.32766,0,0.002805,0.012895,0.020254
5891,asphalt,yes,0,150.400932,22.31732234,114.2655043,tertiary,"Sai Kung
",6,79,1,1,47,8,979,8016.701696,223.4173593,246592.6043,17333.33333,2253.333333,20749.3987,2.196,53.0075,48.10021017,0.055465,0.297164,0.031816,0.034789,0.028828,0.409656,0.003273,0.018719,0,0
5919,0,0,0,15.69045241,22.31641697,114.2699456,cycleway,"Sai Kung
",6,58,1,0,38,5,584,8481.23737,574.721558,231005.5649,9600,1248,19331.8182,2.2955,50.4294,50.88742422,0.212844,0.298863,0.014781,0.189402,0.003375,0.125027,0.036879,0.005004,0,0.00123
5923,asphalt,yes,0,0.357440712,22.30564418,114.2587494,unclassified,"Sai Kung
",6,47,1,1,31,3,444,7938.528475,234.2147431,239005.6735,18687.5,2429.375,20745.7399,2.2332,53.2634,47.63117085,0.056188,0.306852,0.039078,0.109992,0.039363,0.274555,0.068332,0.002422,0,0.03393
6007,asphalt,yes,0,197.6008382,22.35731958,114.1302172,secondary,"Kwai Tsing
",7,114,2,3,56,29,2479,1496.555963,239.4543527,424499.56,28000,3640,17684.2857,2.3571,47.2014,8.97933578,0.198719,0.279836,0,0.121066,0,0.288234,0,0.057031,0,0.054773
6127,asphalt,yes,0,263.1675908,22.35512832,114.1269191,secondary,"Kwai Tsing
",7,93,2,1,37,19,1753,1564.531007,228.3577119,415742.1548,13500,1755,17840,2.3333,46.498,9.387186041,0.13475,0.241832,0.049117,0.044176,0.019664,0.33577,0,0,0,0.017156
6258,asphalt,yes,0,169.6534373,22.3666414,114.1349939,primary,"Kwai Tsing
",7,116,3,7,85,37,2439,1344.83855,555.2970269,267619.9661,12866.66667,1672.666667,17712.8571,2.3571,47.5132,8.069031301,0.061609,0.432559,0.009234,0.056625,0,0.389371,0,0,0,0.00232
6360,asphalt,yes,0,238.4070179,22.3475923,114.1113247,primary,"Kwai Tsing
",7,49,1,3,35,3,247,2569.777247,1260.737654,447275.6258,14550,1891.5,19202.9655,2.1241,49.2911,15.41866348,0.310465,0.246586,0.000164,0.186047,0,0.091902,0,0.101992,0.003781,0.001668
6489,asphalt,0,0,11.58002732,22.354395,114.1061078,residential,"Kwai Tsing
",7,63,1,2,58,6,475,2271.488543,462.5021011,669403.4198,15225,1979.25,19115.8125,2.1375,49.3576,13.62893126,0.081758,0.302555,0.018367,0.244191,0.016379,0.272395,0.006566,0.006211,3.90E-05,0.045566
6530,0,0,0,357.5179108,22.34865162,114.1274299,tertiary,"Kwai Tsing
",7,64,1,1,25,6,790,2268.292252,145.5746065,587687.3757,14600,1898,18021.5385,2.3077,46.1585,13.60975351,0.247465,0.270391,0.031176,0.189656,0.003219,0.209105,0.022449,0.006449,0,0.017805
6680,asphalt,yes,0,19.13116201,22.35784201,114.1302061,secondary,"Kwai Tsing
",7,115,1,3,57,28,2233,1448.288828,254.297632,424499.56,28000,3640,17684.2857,2.3571,47.2014,8.689732965,0.068176,0.23543,0.014906,0.031039,0.086129,0.448422,0.007457,0.015762,0.000141,0.088305
6734,asphalt,yes,0,12.93925881,22.35032365,114.1255266,trunk_link,"Kwai Tsing
",7,66,1,1,26,9,974,2046.328122,218.0097759,399355.2112,14600,1898,18389.0909,2.3636,46.84,12.27796873,0.198992,0.317707,0.006125,0.124371,0.01284,0.154805,0,0.012145,0,0.008738
6800,asphalt,no,0,101.3971612,22.3612528,114.1051821,secondary,"Kwai Tsing
",7,68,4,2,68,9,666,1919.058664,392.9891617,374595.8103,19833.33333,2578.333333,19781.2308,2.1538,50.5354,11.51435198,0.126781,0.29034,0.060543,0.158457,0.005562,0.242324,0.033484,8.00E-06,0,0
6961,0,0,0,293.1707818,22.36219721,114.1015915,tertiary,"Kwai Tsing
",7,62,1,1,50,7,550,2224.947601,734.7792955,365374.233,16666.66667,2166.666667,19871.9372,2.1885,50.8894,13.34968561,0.156113,0.296113,0.014293,0.218078,0.007031,0.149512,0.010531,0.015016,0,0.013117
7089,asphalt,yes,0,231.7420048,22.2484606,114.1522766,primary_link,"Southern
",8,67,12,4,138,13,1180,4916.862829,738.2659417,102012.8936,18650,2424.5,21809.7561,2.2683,52.0914,29.50117697,0.101094,0.308672,0.028641,0.237805,0.025387,0.181652,4.70E-05,0.010387,0.000137,0.036918
7092,0,no,0,310.7450161,22.24070183,114.1597661,residential,"Southern
",8,64,5,3,110,9,787,5132.112404,399.9674672,90902.89211,25200,3276,22241.0256,2.2821,52.8523,30.79267442,0.10659,0.351988,0.005445,0.02118,0,0.426898,0.01852,0.006316,0,0.001148
7170,asphalt,0,0,180.6043775,22.2433291,114.157874,tertiary,"Southern
",8,74,12,6,130,13,1283,4992.712251,229.4942897,90902.89211,21833.33333,2838.333333,22241.0256,2.2821,52.8523,29.95627351,0.02966,0.235109,0.055582,0.351023,0.00625,0.09682,0.016215,0.004617,0.01443,0.040168
7200,concrete,yes,0,266.5145354,22.249267,114.1556395,unclassified,"Southern
",8,74,12,6,152,13,1283,4616.076386,804.7065494,90902.89211,15225,1979.25,21809.7561,2.2683,52.0914,27.69645831,0.030367,0.333453,0.075008,0,0.006312,0.516598,0,0,0,0.001742
7381,asphalt,yes,0,112.4583407,22.2434813,114.1576153,tertiary,"Southern
",8,74,12,6,131,13,1283,4994.048591,221.5788129,90902.89211,21833.33333,2838.333333,22241.0256,2.2821,52.8523,29.96429154,0.132664,0.273523,0.047535,0.139027,3.90E-05,0.220586,0,0.016598,0.000191,0.00127
7481,0,0,0,329.8200756,22.25197801,114.184026,residential,"Southern
",8,39,0,1,36,3,361,3157.629184,998.8264415,12265.32347,106000,13780,70000,4,152.1751,18.9457751,0.068023,0.245516,0.043648,0.210715,0.001242,0.290781,7.00E-05,0.068844,0.001918,0.013695
7591,asphalt,0,0,278.1914593,22.2595378,114.1364008,tertiary,"Southern
",8,59,0,2,62,4,208,5551.015004,2284.64754,67723.77583,15500,2015,33970.5882,2.4118,71.3714,33.30609002,0.001734,0.192773,0.000133,0.527254,0,0.050395,0,0.000164,0.152383,0.016547
7614,asphalt,yes,0,279.9631937,22.24300584,114.1480446,tertiary,"Southern
",8,63,9,3,114,14,1244,5655.602246,108.3387497,98964.83635,20570.58824,2674.176471,20592.5,2.225,50.1746,33.93361348,0.056941,0.331289,0.051902,0.105824,0.000418,0.40927,0,0.002793,0,0.008793
7620,asphalt,yes,70,284.2973741,22.24867547,114.148068,primary,"Southern
",8,86,12,3,135,16,1324,5210.775121,685.1411838,98964.83635,11500,1495,20315.5556,2.2222,49.8765,31.26465073,0.183043,0.376027,0.025066,0.120246,0,0.108461,0,0.001324,0.000168,0.004289
7715,asphalt,0,0,2.132270263,22.26125528,114.133851,secondary,"Southern
",8,62,0,2,62,4,208,5717.363236,2271.093317,53871.36696,52200,6786,36713.3333,2.4667,75.9203,34.30417941,1.20E-05,0.201414,0.094801,0.489551,0.007152,0.037484,0,0.110852,0,0
7835,0,yes,0,118.8821245,22.2454569,114.1646087,residential,"Southern
",8,62,5,5,127,11,1072,4426.751009,452.6301416,89528.01752,70500,9165,24440,2.3333,54.7013,26.56050605,0.015582,0.185238,0.025684,0.299168,0.024723,0.099691,0.121418,0.011758,0.011648,0.034922
7870,asphalt,0,0,269.5946966,22.24860333,114.1438682,tertiary,"Southern
",8,78,8,3,126,14,1138,5542.726187,852.5014665,86445.96845,13400,1742,23823.2558,2.2791,55.2751,33.25635712,0.10818,0.327312,0.007582,0.419098,0,0.039523,0,4.70E-05,0.075809,0.012707
8015,asphalt,yes,0,144.7275397,22.28006177,114.2200081,tertiary,"Eastern
",9,71,3,1,370,11,647,3559.821328,291.3398975,245790.1099,20623.63057,2681.071975,22643.0854,2.2112,54.8967,21.35892797,0.03766,0.274805,0.000887,0.265598,0.0075,0.292129,0.000453,0.019184,0.000949,0.082617
8037,concrete,yes,0,275.4131623,22.2845944,114.2129869,secondary,"Eastern
",9,66,5,2,326,4,153,2851.45846,345.8971392,276297.2704,53000,6890,22916.2778,2.206,54.2472,17.10875076,0.036496,0.363316,0.011223,0.002055,0,0.498145,0,0,0,0
8063,asphalt,yes,0,174.9288715,22.2836249,114.2135887,tertiary_link,"Eastern
",9,64,4,2,329,8,315,2902.814975,304.0814531,271958.8031,19260,2503.8,22870.0047,2.2051,54.0249,17.41688985,0.057988,0.195551,0.127109,0.052359,0.010398,0.346555,0,0.025512,0.004188,0.040484
8119,concrete,yes,0,93.60790495,22.2847534,114.2146168,secondary,"Eastern
",9,64,4,2,330,9,415,3020.336194,178.6391561,279951.0476,24428.57143,3175.714286,22870.0047,2.2051,54.0249,18.12201716,0.064156,0.367527,0.055168,0.00593,0,0.441141,0.000273,3.50E-05,0,0.026082
8186,0,yes,0,39.96939329,22.2883179,114.1915275,residential,"Eastern
",9,110,103,30,662,9,248,968.7860359,190.3978234,290345.9834,8800,1144,22663.5385,2.1731,52.4548,5.812716215,0,0.18493,0.076594,0.076996,0.017,0.552629,0.00191,3.10E-05,0,0.001832
8205,asphalt,yes,0,44.19319681,22.284443,114.2231382,tertiary,"Eastern
",9,72,3,1,349,11,647,3891.023461,324.2262163,315170.1761,23138.70588,3008.031765,22643.0854,2.2112,54.8967,23.34614077,0.048547,0.281766,0.036289,0.067066,0.004152,0.432844,0.001629,0.000297,0,0.011047
8224,asphalt,yes,70,326.855321,22.283878,114.2219171,motorway,"Eastern
",9,71,3,1,360,11,647,3760.901513,252.216321,315170.1761,20033.33333,2604.333333,22643.0854,2.2112,54.8967,22.56540908,0.185723,0.264961,0,0.093672,0,0.302691,0.000293,0.057371,0,0.028824
8233,concrete,yes,0,77.547125,22.2915782,114.1965577,secondary,"Eastern
",9,87,30,24,411,9,248,1586.86336,436.5903005,295211.4528,21198.91139,2755.858481,22556.9412,2.1725,52.382,9.52118016,0.026395,0.297902,0.044367,0.00359,0.00223,0.595371,0,0,0,0
8253,concrete,yes,0,257.8964202,22.2917918,114.2036314,secondary,"Eastern
",9,84,22,12,428,9,248,2182.402842,302.512976,181718.8062,18600,2418,22646.171,2.1784,52.4584,13.09441705,0.06693,0.15948,0.093238,0.088488,0.001625,0.305711,0,0.011535,0,0
8254,concrete,yes,0,350.8126299,22.29223343,114.2000529,tertiary,"Eastern
",9,87,31,20,419,9,248,1906.293863,138.8153244,307059.3789,12616.66667,1640.166667,22556.9412,2.1725,52.382,11.43776318,0.126594,0.348977,0.012691,0.027941,0.003969,0.40982,0.000137,0.000473,0,0
8315,asphalt,0,0,24.50697992,22.28265399,114.1929099,tertiary,"Eastern
",9,136,110,32,749,12,531,771.9398801,110.4798306,280146.8146,37583.33333,4885.833333,23876.6065,2.2094,54.7712,4.631639281,0.040047,0.261664,0.004488,0.179902,0.00027,0.323492,0,0.027789,0.009047,0.091527
8352,asphalt,yes,70,359.6742074,22.28567667,114.221174,motorway,"Eastern
",9,72,4,1,361,11,647,3703.445041,462.8701453,306014.1057,24250,3152.5,22571.9841,2.2091,54.7165,22.22067024,0.105762,0.197906,0.009402,0.074301,0.004,0.387809,0.002746,0.134555,0.068098,0
8471,concrete,yes,0,40.15952835,22.2881004,114.1932663,tertiary,"Eastern
",9,113,71,29,576,9,248,1076.01547,56.13688174,280112.3202,36433.33333,4736.333333,22903.1179,2.1787,52.8717,6.456092819,0.029512,0.23816,0.094582,0,0,0.557789,0,0,0,0.000234
8532,asphalt,0,0,116.6628836,22.28448898,114.2185862,residential,"Eastern
",9,72,4,2,370,11,647,3424.132595,231.52482,236134.992,32625,4241.25,22571.9841,2.2091,54.7165,20.54479557,0.01807,0.44175,0.064699,0.151082,0.009562,0.267023,0,0.026434,0,0.000316
8549,asphalt,yes,70,148.2971804,22.28404061,114.222097,motorway,"Eastern
",9,70,3,1,358,11,647,3780.642216,268.0872952,315170.1761,20033.33333,2604.333333,22643.0854,2.2112,54.8967,22.6838533,0.145359,0.351578,0,0.045688,0,0.332312,0,0.023602,0.012355,0.018414
8568,concrete,yes,0,205.2712076,22.2805714,114.2239656,unclassified,"Eastern
",9,71,2,1,332,11,647,3965.22375,209.1796916,288054.4698,17460,2269.8,22646.9195,2.2125,54.9265,23.7913425,0.01457,0.308207,0.03723,0.013121,0,0.592039,0,0,0,0.001887
8632,asphalt,yes,0,314.5580805,22.28728887,114.2228771,residential,"Eastern
",9,68,3,1,343,11,647,3902.501647,630.1038874,306014.1057,19166.66667,2491.666667,22586.5601,2.2109,54.7757,23.41500988,0.18643,0.27468,0.007398,0.184383,0.007402,0.123348,0.001992,0.023867,0,0.00768
8646,asphalt,yes,0,216.9241027,22.2862793,114.2200109,tertiary,"Eastern
",9,69,4,2,364,11,647,3593.511592,420.7811114,236134.992,27775,3610.75,22571.9841,2.2091,54.7165,21.56106955,0.01152,0.210336,0.155602,0.137133,0.027699,0.309176,0.000785,0.000227,0,0.009395
8648,asphalt,yes,0,320.4660577,22.2883566,114.2169669,motorway_link,"Eastern
",9,57,4,2,305,7,308,3327.442604,419.9118778,275535.4645,32166.66667,4181.666667,22841.6636,2.2033,53.9677,19.96465563,0.36966,0.265543,0.012074,0.146688,0.004062,0,0,0.145125,0.007945,0
8676,concrete,yes,0,50.5994036,22.28151464,114.2232931,unclassified,"Eastern
",9,72,2,1,341,11,647,3894.280392,104.9856204,288054.4698,18500,2405,22646.9195,2.2125,54.9265,23.36568235,0.079844,0.325352,0.055125,0.064148,0,0.350543,0,0.001297,0,0
8704,asphalt,yes,0,313.9871369,22.2862016,114.224069,residential,"Eastern
",9,69,3,1,336,11,647,4006.701043,539.1576036,315170.1761,23138.11765,3007.955294,22586.5601,2.2109,54.7757,24.04020626,0.218988,0.240926,0.002109,0.039465,0.003996,0.300641,0.001199,0,0,0
8787,0,yes,50,106.9017633,22.2808898,114.2255135,motorway_link,"Eastern
",9,71,2,1,303,11,647,4123.85557,342.9145864,287170.3519,15900,2067,22541.7165,2.2229,54.8218,24.74313342,0.182055,0.410914,0,0.00848,0,0.335117,0,0.005129,0,0.036184
8794,asphalt,0,0,320.5273681,22.2892801,114.1948757,tertiary,"Eastern
",9,99,58,26,466,9,248,1286.755551,253.7744613,280445.4939,27150,3529.5,22671.8919,2.1776,52.5175,7.720533307,0.01843,0.244699,0.017648,0,0,0.598473,0,0,0,0.071715
8810,asphalt,no,0,223.4542486,22.27859239,114.2369784,tertiary,"Eastern
",9,54,0,0,130,9,550,5315.134095,359.5872798,234063.3036,23500,3055,21492.9273,2.2303,54.7998,31.89080457,0.045898,0.283355,0.002945,0.183641,0.001637,0.152219,0.000203,0.001871,0.038648,0.193895
8925,asphalt,yes,50,168.0505809,22.2869911,114.2216091,motorway_link,"Eastern
",9,71,4,1,351,11,647,3768.240274,598.1589744,306014.1057,23333.33333,3033.333333,22571.9841,2.2091,54.7165,22.60944165,0.189234,0.343848,0.009523,0.059637,4.00E-06,0.174309,0.006844,0.012352,0,0.08959
8954,asphalt,0,0,223.3213117,22.28243097,114.2253104,tertiary,"Eastern
",9,70,2,1,312,11,647,4103.185028,324.6452926,287767.7952,26600,3458,22553.2022,2.2217,54.8295,24.61911017,0.126738,0.241828,0.023996,0.056227,0.006664,0.352504,0,0.002406,0,0.018121
8998,concrete,yes,0,157.9629876,22.2906319,114.2092411,secondary,"Eastern
",9,71,14,8,382,9,248,2642.611446,262.9438514,220311.4251,14000,1820,22121.1228,2.186,52.2913,15.85566868,0.037691,0.365801,0.026578,0.00209,0,0.530477,0,0,0,0.003762
9049,asphalt,yes,80,236.9848246,22.3621333,114.0388437,motorway,"Tsuen Wan
",10,12,0,0,12,0,0,8603.629171,3501.928977,0,11250,1462.5,20000,2.5,71.5818,51.62177502,0.204988,0.427824,0.009098,0.008387,0,0.330121,0.002336,0.003129,0,0.000297
9317,asphalt,yes,0,30.40186284,22.3686332,114.1148777,unclassified,"Tsuen Wan
",10,125,31,4,246,25,1904,743.3772205,497.9164074,596009.2867,24437.5,3176.875,19290.1613,2.0968,48.6617,4.460263323,0.038082,0.167504,0,0,0.012129,0.312312,0,0.170805,0,0.050324
9344,asphalt,0,0,293.9632751,22.37317151,114.1183707,tertiary,"Tsuen Wan
",10,123,31,6,257,26,2047,641.7142474,72.96133606,276341.6324,14160,1840.8,18512.3214,2.0714,47.7737,3.850285484,0.015727,0.299629,0.005832,0.016066,0.001344,0.528891,0.000281,0.021465,0,0.009254
9353,asphalt,0,0,298.5996332,22.3734338,114.1177362,tertiary,"Tsuen Wan
",10,114,31,6,253,25,1963,704.9272351,21.83913937,266587.3894,14000,1820,18576.1818,2.0727,47.7707,4.229563411,0.03209,0.379914,0.000543,0.031242,0.012906,0.289875,0.000801,0.02293,0,0
9439,asphalt,yes,0,206.4699331,22.3690589,114.1123467,tertiary,"Tsuen Wan
",10,113,31,4,240,25,2104,1005.692742,251.265034,320517.9915,23191.66667,3014.916667,19208.0822,2.2055,50.4285,6.034156455,0.067379,0.32709,0.039418,0.026477,0.007121,0.458223,7.40E-05,0.005145,0,0.008594
9504,0,yes,0,280.7900224,22.3717382,114.1188831,tertiary,"Tsuen Wan
",10,131,31,6,256,25,2014,485.7726821,233.1826738,278286.2142,14160,1840.8,18512.3214,2.0714,47.7737,2.914636093,0.060148,0.336098,0.016547,0.005047,0,0.473461,0,0,0,0
9722,asphalt,yes,0,302.4830661,22.37126,114.1136519,secondary,"Tsuen Wan
",10,106,31,4,247,23,2006,920.7460723,496.4926006,315019.031,28300,3679,19218.3077,2.1385,49.23,5.524476434,0.214125,0.225301,0.027848,0.077031,0,0.304164,0,0.044027,0.00259,0.057574
9828,0,yes,0,97.0199702,22.3676169,114.0620455,primary,"Tsuen Wan
",10,21,0,0,26,0,0,6185.477947,4785.066095,12303.06386,20185.71429,2624.142857,18627.2727,2.4545,59.0019,37.11286768,0.122688,0.302734,0.004637,0.131207,0.054695,0.212758,0.000203,0.000133,0.018684,0.020879
9862,asphalt,yes,0,116.8168314,22.3673251,114.1170692,secondary,"Tsuen Wan
",10,123,31,6,238,22,1858,534.3655095,700.0719415,607332.7154,14300,1859,18823.5593,2.1017,48.2733,3.206193057,0.037344,0.339066,0.067062,0.245867,0.001633,0.247621,0,0.001184,0,0.002348
9900,asphalt,yes,50,30.83693453,22.3679757,114.1115784,tertiary,"Tsuen Wan
",10,110,31,4,234,25,2011,1084.797692,159.8644246,393781.2972,20590,2676.7,19255.7143,2.2208,50.7081,6.50878615,0.02375,0.299773,0.019625,0.042961,0.011793,0.411,0,0.001707,0,0.000246
9993,asphalt,yes,80,238.6116937,22.36780994,114.0586505,motorway,"Tsuen Wan
",10,20,0,0,30,0,0,6534.798707,5026.370206,12303.06386,17300,2249,19600,2.5,61.2463,39.20879224,0.244031,0.373926,0,0.088875,0,0.047176,0,0.000508,0,0.105793
10116,0,0,0,131.1646604,22.49138889,114.1385762,cycleway,"Northern
",11,67,1,0,56,4,561,13710.83177,83.60601503,284834.5344,22560.5,2932.865,21512.7607,2.2577,55.063,82.26499064,0.26693,0.288965,0,0.041195,0.002504,0.140031,0,0.206352,0.001352,0.005816
10129,asphalt,yes,100,288.4581621,22.48856246,114.1430398,motorway,"Northern
",11,53,1,0,42,4,561,13466.20835,590.3802269,231938.1447,12500,1625,22295.1351,2.2432,56.1649,80.79725008,0.146496,0.225922,0.092734,0.076812,0,0.391098,0,0.027301,0,0.001047
10326,0,yes,0,316.6875122,22.50220029,114.1326148,secondary,"Northern
",11,81,4,0,160,9,1061,14842.22438,482.6736284,268538.3555,10650,1384.5,21753.038,2.2658,55.6983,89.0533463,0.124051,0.219195,0.082465,0.377906,0.091871,0.015137,0.005449,0.018859,0,0.007547
10351,0,yes,0,122.722111,22.48443362,114.1417182,residential,"Northern
",11,45,1,0,31,4,561,12993.25496,903.898065,154209.5241,16225,2109.25,23005,2.25,57.0001,77.95952976,0.098758,0.151879,0.060625,0.293008,0.002254,0.119387,0.000137,0.006992,0,0.052426
10512,0,yes,0,356.7266668,22.4855248,114.1441586,tertiary,"Northern
",11,49,1,0,31,4,561,13153.68257,917.2600678,152560.9753,14028.57143,1823.714286,22918.8321,2.2409,56.7854,78.92209541,0.033918,0.298617,0.043148,0.263691,0.045145,0.199344,0.003992,0.005223,0,0.075926
10675,0,yes,50,184.627639,22.48705755,114.1462769,primary,"Northern
",11,47,1,0,32,4,561,13359.80974,954.7097407,141404.662,11000,1430,22843.3333,2.2391,56.656,80.15885845,0.246164,0.282316,0,0.373559,0,0.003441,4.00E-06,0,0.00023,0.010812
10720,0,yes,0,313.9067675,22.49395105,114.1383764,secondary,"Northern
",11,71,1,0,76,5,640,13989.9395,206.4957423,295972.2667,12000,1560,21441.697,2.2606,54.9259,83.93963702,0.183168,0.22459,0.068062,0.183812,0.00191,0.09727,0.033098,0.001312,0.057148,0.074582
10770,0,0,0,310.0851115,22.5039596,114.133757,tertiary,"Northern
",11,74,4,0,159,8,986,15045.45803,662.8431221,260310.9847,16250,2112.5,21753.038,2.2658,55.6983,90.27274817,0.033941,0.29216,0.021547,0.497613,0.008191,0.009004,0.000906,0.00348,0.072141,0.012621
10932,0,yes,0,222.8882875,22.49974665,114.1454829,secondary,"Northern
",11,43,0,0,57,4,552,14729.07405,1090.926922,212419.6075,15037.5,1954.875,21963.6842,2.25,55.7259,88.37444432,0.033547,0.327773,0.015723,0.392281,0.02452,0.130441,0.066016,0.002617,0,0.001953
11026,asphalt,yes,0,29.9295079,22.4662894,114.0052471,secondary,"Yuen Long
",12,40,2,3,36,3,210,16184.25073,2087.997284,798342.3487,19925.31646,2590.291139,21167.2809,2.2135,53.0911,97.10550439,0.119988,0.394512,0.017578,0,3.90E-05,0.42834,0,0.020035,0,0.003449
11058,asphalt,yes,70,357.7460778,22.4446924,114.0166171,primary,"Yuen Long
",12,66,13,0,87,10,658,13750.99837,973.7384095,146028.8283,12615,1639.95,17735.3333,2.3333,51.3444,82.50599019,0.391828,0.336887,0,0.228742,0,0,0,0,0.014484,0.014918
11161,0,0,0,90.04269886,22.44228099,114.0328845,residential,"Yuen Long
",12,77,12,1,106,14,823,12291.52637,500.5532489,147790.5085,10900,1417,20177.3117,2.1766,52.6877,73.74915822,0.06543,0.152742,0,0.136312,0.013773,0.347805,0,0.013898,0,0
11254,0,0,50,16.33426733,22.4469444,114.033994,tertiary,"Yuen Long
",12,66,12,1,105,13,779,12557.6785,154.0856416,70118.76764,13433.33333,1746.333333,20190.6112,2.1772,52.674,75.34607098,0.32523,0.284238,0.012133,0.208441,0.015602,0.045156,0.000211,0,0.002277,0.024695
11331,0,0,0,62.67201836,22.43477862,114.0329879,tertiary,"Yuen Long
",12,57,8,0,62,8,368,11747.77344,1288.504872,33084.62465,12500,1625,20158.9859,2.1596,52.2307,70.48664065,0.127023,0.241605,0.00843,0.393805,0.090082,0,0,0.004754,0.070871,0.003641
11561,0,yes,0,284.5405647,22.445867,114.0316992,primary,"Yuen Long
",12,79,12,1,109,15,903,12648.34678,369.7799159,151991.9213,9000,1170,20164.8165,2.1781,52.658,75.89008066,0.031738,0.335625,0.011008,0.023641,0.000145,0.504496,0,0.049176,0,0.01652
11836,paved,yes,0,107.0322634,22.45251032,114.0296752,unclassified,"Yuen Long
",12,69,12,0,98,14,738,13305.69225,683.030919,70118.76764,13500,1755,20444.6537,2.1854,53.0481,79.83415351,0.047328,0.220152,0.008574,0.322922,0,0.226324,0.033023,0,0.072816,0.025559
11859,0,0,0,271.6558254,22.4460781,114.0274019,tertiary,"Yuen Long
",12,84,12,0,111,14,738,12992.83976,266.9269407,154450.9495,12720,1653.6,20150.158,2.1759,52.6415,77.95703859,0.136164,0.353699,0.031156,0.128895,0.011688,0.294742,0,0.006496,0.000148,0.007832
11934,0,yes,0,80.35712086,22.44461251,114.0205458,secondary,"Yuen Long
",12,85,13,0,106,13,722,13428.25144,614.9642849,162094.7312,13500,1755,19837.4275,2.1957,52.9833,80.56950862,0.193445,0.237363,0.080613,0.010613,0.040949,0.323102,0,0.02193,0.015164,0.051445
11957,0,yes,0,116.4843694,22.4494598,114.0271305,unclassified,"Yuen Long
",12,82,12,0,106,14,738,13263.83908,255.8258289,151991.9213,24400,3172,20249.796,2.1767,52.7281,79.58303448,0.05757,0.313969,0.043766,0,0,0.515406,0,0,0,0
12006,asphalt,0,0,78.75325785,22.26975135,114.1924939,tertiary,"Wan Chai
",13,101,39,10,283,3,283,1396.952321,1388.299006,220556.8486,65000,8450,41264,2.6,84.211,8.381713924,0.01809,0.288406,0.164715,0.121012,0.002332,0.337863,0.004535,0.006566,0,0.023297
12021,asphalt,yes,0,72.3776493,22.27876405,114.1793447,secondary,"Wan Chai
",13,148,107,50,903,8,568,646.1175804,500.6939049,311254.9406,22200,2886,23000.1718,2.1288,53.3571,3.876705482,0.013801,0.205379,0.057824,0.025832,0,0.469312,0,2.70E-05,0,0.070859
12050,asphalt,yes,0,12.61535945,22.2820405,114.1768793,secondary,"Wan Chai
",13,128,107,51,881,8,568,889.2825286,639.8398639,302943.73,13000,1690,23059.6709,2.1392,53.665,5.335695172,0.422934,0.339664,0,8.20E-05,0,0.125574,0,0.003148,0.033059,0.024324
12061,asphalt,no,0,85.4259125,22.28072552,114.174963,tertiary,"Wan Chai
",13,130,107,49,892,8,568,1069.92632,406.9553051,404592.1232,13000,1690,23059.6709,2.1392,53.665,6.419557919,0.039008,0.299461,0.088602,0.251637,0.013723,0.24868,8.60E-05,0.001578,0,0
12116,concrete,0,0,168.734942,22.274638,114.1850581,tertiary,"Wan Chai
",13,178,110,43,820,8,771,646.1494332,603.8466523,239827.6736,52642.85714,6843.571429,31315.0943,2.0755,62.9111,3.876896599,0.003449,0.229852,0.045945,0.185172,0,0.365434,0,0.076539,0.027234,0.032996
12136,asphalt,yes,0,4.665327142,22.27676931,114.1715375,tertiary,"Wan Chai
",13,142,72,44,826,8,568,1480.349013,170.9012968,224286.9334,21241.68553,2761.419119,22895.6364,2.1364,53.2775,8.882094077,0.007633,0.268641,0.015418,0.034555,0.000391,0.52659,0,0,0,0
12162,asphalt,0,0,182.9568075,22.2763961,114.1853892,tertiary,"Wan Chai
",13,178,113,51,835,8,771,450.8366408,423.8496731,250095.6914,26250,3412.5,30571.1538,2.0385,61.1945,2.705019845,0.051086,0.385711,0.004305,0.142062,0.00468,0.340477,0,0.039488,0.000254,0.011918
12216,asphalt,0,0,119.3837747,22.26348731,114.1856668,secondary,"Wan Chai
",13,71,0,0,110,2,269,1880.550097,1836.881352,26344.09792,70000,9100,44578.5714,2.7143,93.8254,11.28330058,0.196535,0.281016,0.06134,0.236102,0.00318,0.092527,0,0.005688,0.031605,0.041742
12243,asphalt,0,0,255.651146,22.26716498,114.1838209,residential,"Wan Chai
",13,106,40,17,348,7,749,1481.316803,1421.892246,40829.97201,37440,4867.2,32902.5,2.1,67.0202,8.887900818,0.011887,0.186805,0.025105,0.057996,0,0.555855,0,0,0,0
12256,concrete,0,0,4.134448274,22.27298534,114.173203,secondary,"Wan Chai
",13,141,65,44,827,8,568,1500.43569,506.7370737,195817.9141,10500,1365,23018.6497,2.1465,53.6932,9.002614138,0.000184,0.267508,0.034641,0.366852,0,0.136898,0,0.023453,0,0.013324
12260,asphalt,yes,70,95.12237019,22.27936397,114.1707723,primary_link,"Wan Chai
",13,148,68,45,821,7,554,1506.397167,301.8300531,224117.7098,30000,3900,22449.52,2.1133,51.9805,9.038383003,0.04018,0.359422,4.30E-05,0.089715,0.054191,0.363672,0.001141,0.035508,0,0
12289,asphalt,yes,0,157.8500115,22.28006536,114.1810638,unclassified,"Wan Chai
",13,158,116,59,948,8,568,443.0502383,304.395616,293499.2077,22933.33333,2981.333333,23347.503,2.1243,53.4885,2.65830143,0.037551,0.231117,0.000852,0,0,0.587785,0,0.03432,0,0.008203
12303,concrete,0,0,89.61384992,22.2744123,114.1741331,secondary,"Wan Chai
",13,143,91,46,909,8,568,1335.589096,368.3836279,195955.7633,22050,2866.5,23002.7089,2.1392,53.5827,8.013534576,0.004988,0.158234,0.089871,0.001062,0.004312,0.472281,0,0.000391,0,0.025961
12371,concrete,yes,0,40.95024078,22.2745503,114.1753313,secondary,"Wan Chai
",13,143,107,49,932,8,568,1222.092403,412.6800891,196754.8123,20857.14286,2711.428571,22956.6957,2.1242,53.2548,7.332554415,0.094562,0.344199,0.044078,0.269547,0.002688,0.080473,8.60E-05,0.000992,0,0.040758
12404,asphalt,yes,0,258.4942052,22.2779708,114.17716,secondary,"Wan Chai
",13,151,107,51,920,8,568,887.2950041,434.8602747,386549.4596,10200,1326,23027.8491,2.1384,53.5489,5.323770024,0.064969,0.354195,0.01273,0.044195,0.026902,0.410168,0,0.001324,0,0.016227
12413,asphalt,yes,0,112.8994561,22.26306755,114.1865457,secondary,"Wan Chai
",13,67,0,0,115,2,269,1930.727884,1893.499013,26289.71833,70000,9100,44578.5714,2.7143,93.8254,11.5843673,0.201492,0.242816,0.032672,0.050945,0.006914,0.223738,0,0.043789,0.051324,0.026625
12469,concrete,0,0,125.9900534,22.27630754,114.1687703,residential,"Wan Chai
",13,149,38,46,681,7,554,1768.804081,453.7896623,225456.0637,29125,3786.25,21922.8533,2.1067,51.4175,10.61282448,0.010309,0.169844,0.040984,9.00E-05,0.004496,0.75241,0,0,0,0
12538,concrete,yes,0,248.6690596,22.27879174,114.1798602,secondary,"Wan Chai
",13,148,110,51,927,8,568,594.5424601,448.9142341,292343.1823,22200,2886,23248.9882,2.1118,53.2105,3.567254761,0.02652,0.330836,0.025617,3.50E-05,0,0.500551,0,0,0,0.025367
12563,asphalt,0,0,272.234414,22.2627434,114.1880597,secondary,"Wan Chai
",13,69,0,0,114,2,269,1982.526066,1956.260948,22374.96246,70000,9100,41968.4211,2.5263,87.7787,11.89515639,0.170215,0.309035,0.021516,0.260805,0.009301,0.06959,0,0.044992,0,0.004203
12566,asphalt,yes,0,73.96900531,22.2797363,114.1766057,primary,"Wan Chai
",13,141,107,51,897,8,568,903.8848859,446.2456135,384616.6115,11600,1508,23059.6709,2.1392,53.665,5.423309315,0.047051,0.248164,0.000199,0.170805,0.071594,0.301137,0,0.029016,0,0
12648,asphalt,yes,0,251.9984136,22.27981681,114.1777859,tertiary,"Wan Chai
",13,143,107,50,880,8,568,781.9483338,556.425234,310632.0467,22933.33333,2981.333333,23059.6709,2.1392,53.665,4.691690003,0.030801,0.219816,0.105895,0.004695,0.105371,0.505332,0,0.000176,0,0.009766
12649,concrete,yes,0,263.561443,22.2782656,114.1742288,tertiary,"Wan Chai
",13,138,107,49,897,8,568,1170.880408,152.1874171,387602.7982,10200,1326,23034.5732,2.1401,53.6997,7.025282447,0.042508,0.218887,0.006492,0.021129,0.054715,0.478434,0,0.00052,0,0
12668,concrete,yes,0,249.9598001,22.2787186,114.1796444,secondary,"Wan Chai
",13,147,107,50,918,8,568,618.1998708,472.5599589,312647.979,22200,2886,23000.1718,2.1288,53.3571,3.709199225,0.027027,0.387141,0.02059,0,0,0.545773,0,0,0,0.012199
12693,concrete,yes,0,304.3811118,22.27968835,114.1849663,residential,"Wan Chai
",13,168,113,55,869,7,648,94.49985653,103.9300152,258643.3785,18800,2444,31657.4074,2.0926,62.7267,0.566999139,0,0.106324,0.101426,0,0,0.459762,0,0,0,0
12730,concrete,yes,0,290.5908357,22.2800532,114.1847675,secondary,"Wan Chai
",13,167,113,56,873,7,648,74.80733944,77.56532618,263010.7088,18800,2444,24237.8743,2.1486,54.9561,0.448844037,0.027363,0.343566,0.01807,0.031352,0,0.468566,0,0,0,0
12812,concrete,yes,0,83.47112152,22.27853173,114.176025,tertiary,"Wan Chai
",13,145,107,51,908,8,568,983.7346268,333.4421711,384616.6115,10200,1326,23059.6709,2.1392,53.665,5.902407761,0.021434,0.262898,0.037945,0.013418,0.045184,0.525414,0,0.015102,0,0.011664
12823,asphalt,yes,0,353.513087,22.28017455,114.1744012,secondary,"Wan Chai
",13,132,107,49,890,8,568,1127.909571,325.587703,404592.1232,13000,1690,23059.6709,2.1392,53.665,6.767457427,0.123699,0.187039,0.023441,0.075199,0.000328,0.253633,0.017191,0,0.013855,0.000227
12864,asphalt,yes,0,225.7463406,22.2779422,114.1862269,secondary,"Wan Chai
",13,165,112,52,825,6,626,294.1290293,322.5297585,245689.3841,21500,2795,31905.6604,2.1132,63.1968,1.764774176,0.010555,0.163508,0.044738,0.030867,0,0.562363,0,0,0,0.001238
12868,asphalt,yes,0,353.177413,22.27647047,114.1744437,residential,"Wan Chai
",13,144,107,49,928,8,568,1207.136171,194.1766475,198082.8597,21214.28571,2757.857143,23034.5732,2.1401,53.6997,7.242817024,0,0.295414,0.052742,0.045492,0,0.583855,0,0,0,0
12894,0,yes,0,245.072531,22.2776216,114.1697603,tertiary,"Wan Chai
",13,149,30,45,740,7,554,1636.365745,330.2632065,221303.5745,21340.30573,2774.239745,21580.0537,2.094,50.8479,9.818194469,0.032531,0.401703,0.00868,0.001676,0,0.491766,0,0.001246,0,5.10E-05
12935,concrete,yes,0,337.0412488,22.2774165,114.1800049,secondary,"Wan Chai
",13,156,107,50,911,8,568,645.4127398,503.0490997,303297.7499,20000,2600,23030.6585,2.128,53.358,3.872476439,0.015676,0.148559,0.22152,0.031168,0,0.537625,0,0.001051,0,0.008785
12976,concrete,yes,0,101.5229328,22.2799265,114.1855432,secondary,"Wan Chai
",13,165,113,54,849,5,503,63.39315828,157.5541071,250489.9881,18800,2444,31905.6604,2.1132,63.1968,0.38035895,0.030207,0.248914,0.008199,0.000672,0,0.297867,0,0.00182,0,0
13000,asphalt,yes,0,178.2986307,22.2771726,114.1755643,tertiary_link,"Wan Chai
",13,147,107,50,935,8,568,1071.601768,271.3209627,390994.7867,10200,1326,23027.8491,2.1384,53.5489,6.429610608,0,0.221766,0.004637,0.043328,0,0.391551,0,0,0,0
13029,0,0,0,57.73484951,22.32494868,114.1868832,residential,"Kowloon City
",14,153,32,8,264,30,2404,1654.801015,1464.660976,516542.8672,62000,8060,23104.7904,2.2515,58.53,9.928806088,0.020242,0.256805,0.104676,0,0,0.56634,0,0.009719,0,0.026172
13081,asphalt,yes,0,92.804807,22.32773422,114.1799375,residential,"Kowloon City
",14,196,215,11,496,28,2142,1254.729795,1012.040139,596998.1257,35500,4615,23354.878,2.2805,58.8331,7.528378768,0.087238,0.299348,0,0.331512,0,0.002871,0,0,0.029684,0.05457
13104,0,0,0,322.1412461,22.317029,114.181965,residential,"Kowloon City
",14,211,328,27,694,25,2136,1037.209629,850.7487454,191665.2638,20562.25166,2673.092715,22942.4419,2.25,58.3706,6.223257775,0.041637,0.326227,0.017488,0.045996,0.014098,0.363633,0,0.053281,0,0.004641
13115,asphalt,yes,0,115.9235346,22.3191037,114.192958,residential,"Kowloon City
",14,112,19,6,246,17,1468,2145.716772,1446.34641,197831.0815,14500,1885,23000,2.2674,58.4996,12.87430063,0.184133,0.14225,0.053293,0.209887,0.005273,0.113207,0,0.012262,0.001398,0.006188
13135,concrete,yes,0,55.19313174,22.32772004,114.1895196,secondary,"Kowloon City
",14,146,32,7,284,21,1687,1612.694325,1083.506825,610695.2001,13300,1729,23250,2.2727,58.8794,9.676165951,0.229996,0.241508,0.001289,0,0,0.499832,0,0,0,0.009812
13160,asphalt,yes,0,40.43848817,22.3193447,114.1924396,secondary,"Kowloon City
",14,115,19,6,253,17,1468,2092.569874,1449.144323,363847.931,14500,1885,23026.8817,2.2688,58.5619,12.55541925,0.217082,0.329133,0.019918,0.014152,0,0.338871,0,0,0,0.039988
13253,asphalt,yes,0,259.1798041,22.31985153,114.1753288,residential,"Kowloon City
",14,205,470,40,819,27,2006,341.5155461,353.1295149,187103.3674,14500,1885,23039.4655,2.2586,57.8919,2.049093276,0.000379,0.15168,0.05166,0.085988,0.001355,0.591891,0,0,0,0
13308,paved,yes,0,159.5083402,22.31936968,114.1745489,residential,"Kowloon City
",14,201,472,44,835,28,1882,251.7404692,331.5840551,180089.4195,14500,1885,23164.5491,2.2543,58.2072,1.510442815,0.014391,0.002527,0.109586,0.006355,0,0.642082,0,0.023316,0,0.032566
13314,asphalt,0,50,124.9998333,22.3066369,114.1896261,residential,"Kowloon City
",14,89,8,14,263,10,926,2195.280746,187.0884408,153196.5875,20166.66667,2621.666667,22022.2222,2.2549,56.5336,13.17168447,0.034121,0.314707,0.08041,0.076422,4.00E-06,0.433512,0,0.01518,0,0.029848
13333,asphalt,yes,0,25.17110921,22.32431468,114.1885903,primary,"Kowloon City
",14,148,23,6,264,31,2467,1793.574974,1329.097862,471346.7903,16500,2145,23214.6893,2.2655,58.7766,10.76144984,0.197105,0.269215,0.056836,0.049934,0,0.284684,0,0,0,0.00707
13335,asphalt,yes,50,268.8426606,22.3150286,114.1775448,trunk_link,"Kowloon City
",14,220,624,49,970,27,2104,685.9737419,733.0993366,196226.6548,27600,3588,22926.1779,2.227,58.1368,4.115842451,0.07252,0.337711,0.066555,0.140613,0.02532,0.256129,0,0.005832,0,0.033012
13453,asphalt,yes,50,178.7933579,22.32669522,114.1784219,trunk_link,"Kowloon City
",14,213,282,13,668,32,2314,1067.334597,818.9339134,529096.0345,35000,4550,23314.1104,2.2761,58.7609,6.404007581,0.094367,0.234977,0,0,0.04991,0.499504,0,0.061227,0.00173,1.20E-05
13470,asphalt,0,0,161.8338301,22.3199666,114.1732154,residential,"Kowloon City
",14,207,481,41,856,36,2470,151.8866722,205.4003293,184358.172,17000,2210,22522.5767,2.2646,56.3911,0.911320033,0.035566,0.217711,0.054699,0.156457,0,0.309391,0,0.00057,0.003797,0.196371
13497,0,yes,0,159.6328517,22.31869822,114.1740589,residential,"Kowloon City
",14,200,485,45,864,31,2178,202.0411636,368.5109185,188042.5511,17000,2210,22938.7616,2.2442,57.5939,1.212246982,0,0.273492,0.045809,0,0,0.638992,0,0,0,0.000121
13514,0,0,0,304.3996912,22.3198541,114.1804658,residential,"Kowloon City
",14,225,407,26,764,25,2074,863.3957405,841.4946224,318402.4637,23866.66667,3102.666667,22895.679,2.2407,58.3098,5.180374443,0.082035,0.163688,0.083668,0.075531,0,0.429691,0,0.064668,0,0.098473
13525,asphalt,yes,50,183.3363748,22.32620153,114.1784747,trunk_link,"Kowloon City
",14,210,283,13,693,31,2322,1027.884217,787.3677892,509884.8214,27166.66667,3531.666667,23314.1104,2.2761,58.7609,6.167305304,0.14707,0.151375,0,0.005922,0.005637,0.44716,0,0.112363,0,0.080598
13602,asphalt,yes,50,213.780369,22.30443827,114.1880671,secondary,"Kowloon City
",14,86,14,22,326,5,464,2193.365297,176.4388762,152759.7674,21266.66667,2764.666667,21788,2.16,53.1479,13.16019178,0.054879,0.300297,0.007125,0.022184,0.010328,0.441461,0.049145,0.002875,0,0.021078
13645,0,0,0,202.663355,22.31374144,114.1899793,residential,"Kowloon City
",14,121,18,11,295,17,1607,1930.065335,886.9824409,160853.8823,17750,2307.5,23121.1765,2.2882,58.6874,11.58039201,0.07577,0.315957,0.008727,0.230883,0.001613,0.203973,0,0.000207,0,0.014961
13678,0,yes,0,179.2559716,22.31721855,114.1869786,residential,"Kowloon City
",14,160,23,10,335,24,2122,1542.84898,970.6888599,161549.5325,13000,1690,22977.7143,2.2629,58.5151,9.25709388,0.044133,0.205145,5.10E-05,0,0,0.566465,0,0,0,0
13680,0,0,0,96.64878791,22.3069424,114.1890507,unclassified,"Kowloon City
",14,95,8,14,278,11,974,2127.022373,230.4004122,157040.7909,22500,2925,22370.3226,2.271,57.4572,12.76213424,0.248082,0.296281,0.011109,0.072879,0,0.229551,0.00098,0,0,0.038734
13705,asphalt,yes,0,206.6943673,22.34184079,114.1831579,tertiary,"Kowloon City
",14,110,16,1,106,11,787,948.7181918,613.4289143,796546.0301,30000,3900,24890.4672,2.3033,58.1436,5.692309151,0.090902,0.273164,0.046016,0.181527,0,0.32593,0,0.006434,0,0.016176
13896,concrete,yes,0,258.8726154,22.32696445,114.1854831,secondary,"Kowloon City
",14,161,38,9,282,29,2304,1631.805235,1258.702959,617133.1885,62000,8060,23314.1975,2.2963,58.9556,9.790831413,0.095898,0.378039,0.050051,0.084414,0.000297,0.342312,0,0.030652,0,0.007973
14019,asphalt,yes,50,225.1736261,22.3828151,114.1882101,trunk_link,"Sha Tin
",15,65,2,2,84,12,1155,4535.36395,43.86106986,336897.3104,21750,2827.5,16545.1613,2.129,41.7224,27.2121837,0.038539,0.277078,0.047859,0.072168,0,0.414363,0,0.037734,0.001,0.083363
14077,0,0,0,159.6472704,22.37208599,114.1739752,residential,"Sha Tin
",15,65,3,0,52,8,590,3828.462079,487.5172528,55198.94914,17500,2275,20543.5,2.1643,53.9946,22.97077247,0.023508,0.25366,0.126312,0.331262,0,0.184262,0.000914,0,0,0.018289
14091,asphalt,yes,50,211.3724959,22.38088091,114.1867313,trunk,"Sha Tin
",15,82,3,2,85,11,951,4339.912425,260.2604639,342421.6587,19083.33333,2480.833333,17493.75,2.1875,45.0144,26.03947455,0.120914,0.279273,0,0.066777,0,0.283004,0,0.00802,0.000422,0.149188
14127,0,yes,50,10.96357021,22.41151738,114.2232808,tertiary,"Sha Tin
",15,41,0,1,33,2,133,8326.295448,344.1157765,189934.663,17160,2230.8,24327.2727,2.2727,59.8887,49.95777269,0.168168,0.203242,0.124301,0.110094,0.046438,0.29098,0.002746,0.010188,0.00023,0.029527
14155,0,0,0,142.1773267,22.3703965,114.1794169,cycleway,"Sha Tin
",15,74,3,0,75,9,658,3411.454535,290.9967653,168120.166,24000,3120,20443.557,2.1611,53.1305,20.46872721,0.182402,0.327656,0.017457,0.142828,0.018887,0.191617,0.015461,0.025199,0,9.80E-05
14265,0,0,0,9.877035091,22.4195004,114.2261908,cycleway,"Sha Tin
",15,47,0,1,63,2,133,9257.882479,190.9886486,277784.6367,22000,2860,24373.3333,2.3333,60.0897,55.54729488,0.077867,0.335582,0.000539,0.147887,0.024605,0.288457,0.006406,0.061969,0,0.001922
14359,0,yes,0,54.54626642,22.4278504,114.2432436,tertiary,"Sha Tin
",15,27,0,0,60,2,251,10850.96418,163.3763501,142527.6449,23071.42857,2999.285714,24034.6154,2.2308,68.6482,65.10578509,0.003402,0.367938,0.054488,0.137121,0.001312,0.39348,8.00E-06,0,0,0.017152
14390,0,yes,50,119.6380312,22.3716779,114.1788111,primary,"Sha Tin
",15,74,3,1,72,9,658,3566.450347,138.7426607,168120.166,28000,3640,20443.557,2.1611,53.1305,21.39870208,0.208109,0.419988,0.013039,0.039141,0,0.240836,0.016262,1.60E-05,0.001672,0.01134
14414,asphalt,yes,0,312.660918,22.3808689,114.1941981,primary,"Sha Tin
",15,87,2,2,79,13,1235,4303.757606,451.2684982,379346.889,14166.66667,1841.666667,21380.8029,2.2259,53.3635,25.82254564,0.357832,0.400871,0.006223,0.046242,0,0.086297,0,0.003781,0,0.039523
14425,0,yes,0,318.9943311,22.4224566,114.2287434,residential,"Sha Tin
",15,43,0,1,76,2,133,9660.831018,405.0006112,227755.6808,29860,3881.8,24373.3333,2.3333,60.0897,57.96498611,0.025043,0.273172,0.115773,0.065289,0.031145,0.458707,0,0.007996,0,3.90E-05
14488,0,yes,0,108.8933771,22.4278504,114.2432436,tertiary_link,"Sha Tin
",15,27,0,0,60,2,251,10850.96418,163.3763501,142527.6449,23071.42857,2999.285714,24034.6154,2.2308,68.6482,65.10578509,0.006816,0.364105,0.065691,0.144125,0.000555,0.386059,0.000285,0,0.002852,0.004398
14579,0,0,0,259.855923,22.36837478,114.1811781,cycleway,"Sha Tin
",15,68,3,0,69,9,658,3135.485411,567.8024689,165965.1936,19646.99346,2554.10915,20400.6207,2.1655,53.4884,18.81291247,0.091543,0.352844,0.063176,0.216531,0.00509,0.173871,4.00E-06,0.035957,0,0.011387
14641,0,yes,0,52.2656743,22.38193121,114.202874,tertiary,"Sha Tin
",15,90,1,3,56,11,1041,4547.931208,167.3777064,403863.4546,15666.66667,2036.666667,21386.78,2.227,53.4177,27.28758725,0.041668,0.296574,0.007016,0.016559,0.000578,0.463422,0,0.000352,0,0.051277
14738,paved,0,0,127.1226769,22.42951822,114.2092925,cycleway,"Sha Tin
",15,20,0,0,60,0,0,9842.433231,1768.146602,51890.35224,14650,1904.5,27247.8261,2.6957,77.1862,59.05459938,0.178445,0.323473,0.008625,0.112211,0.012461,0.253605,0.035059,0.017805,0,0.041047
14854,0,yes,0,272.3975303,22.42422144,114.2298464,primary_link,"Sha Tin
",15,44,0,1,76,2,133,9885.051362,205.2986318,227755.6808,19757.14286,2568.428571,25338.8889,2.4444,66.5134,59.31030817,0.112633,0.212703,0.010617,0.058234,0,0.342945,0.000406,0,0.010168,0.01609
14876,0,yes,0,190.0109559,22.3953121,114.1977853,residential,"Sha Tin
",15,46,0,1,96,4,259,5925.345662,46.24477324,357969.6715,24356.52174,3166.347826,21491.8328,2.232,53.7005,35.55207397,0.119406,0.2565,0.030762,0.078664,0.012395,0.313168,1.60E-05,0.115211,0.015809,0.016633
14892,0,yes,0,301.9247481,22.4252228,114.22797,residential,"Sha Tin
",15,43,0,1,73,2,133,9914.142916,388.9375752,274747.0629,20000,2600,26050,2.3333,62.005,59.4848575,0.07343,0.219359,0.000898,0.030336,0.000238,0.472863,0,0.00043,0,0.003496
14918,0,yes,0,253.795127,22.42657869,114.2339316,residential,"Sha Tin
",15,42,0,1,75,2,133,10293.57906,297.6139923,205227.6353,20033.33333,2604.333333,25913.7931,2.2414,69.0718,61.76147437,0.06191,0.367609,0.019918,0.057613,0.036734,0.418879,0.001035,0.000395,0,0.002992
15104,0,yes,0,11.10270809,22.30813697,114.0159676,tertiary,"Island
",16,20,0,1,27,0,0,12815.66519,2946.165821,46180.87667,28833.33333,3748.333333,25260,2.6,72.1113,76.89399117,0.14273,0.043629,0.356574,0.042324,0.011371,0.27366,7.00E-05,0.001621,0,0
15219,0,0,0,211.589652,22.2894242,113.9390817,cycleway,"Island
",16,52,0,4,65,3,205,20789.71959,231.4431663,172108.7812,18714.28571,2432.857143,21065.0352,2.326,57.4186,124.7383175,0.184648,0.323582,0.007902,0.093934,0,0.237762,0,0.004504,0.011668,0.035277
15371,0,0,0,43.95654036,22.29281188,113.9525965,residential,"Island
",16,25,0,3,34,3,255,19370.33141,1225.959736,137802.1277,22018.8141,2862.445833,21065.0352,2.326,57.4186,116.2219885,0.297668,0.400293,0,0.122387,0.011465,0.028945,0.031777,0.001852,0.00043,0.065297
15463,asphalt,0,0,262.9587751,22.29354189,113.9413358,cycleway,"Island
",16,46,0,4,59,4,275,20389.19791,472.1606692,175349.8722,15000,1950,21065.0352,2.326,57.4186,122.3351875,0.213578,0.316219,0.010543,0.236496,0.006715,0.01068,0.105469,0,0.008746,0.013316
15571,0,yes,0,355.7833263,22.30737015,114.0162866,tertiary,"Island
",16,21,0,1,35,0,0,12832.27658,3008.164248,46180.87667,28833.33333,3748.333333,25260,2.6,72.1113,76.99365945,0.238168,0.412164,0.038125,0.006152,0.001598,0.1785,0.002133,0.012094,0,0
15715,asphalt,yes,0,314.4348693,22.2925528,113.9510916,residential,"Island
",16,30,0,3,38,3,255,19522.56846,1070.068161,147220.014,21764.66867,2829.406928,21065.0352,2.326,57.4186,117.1354108,0.156266,0.395574,0.026711,0.12132,0.027777,0.221312,0.001656,0.016547,0.004027,0
15757,asphalt,0,0,101.5885161,22.2909992,113.9444457,tertiary,"Island
",16,41,0,4,60,4,275,20215.11417,374.0849145,175349.8722,16300,2119,21065.0352,2.326,57.4186,121.290685,0.055109,0.280793,0.066645,0.286727,0.01166,0.205496,0.000344,0.001086,0.081512,0.002582
15849,asphalt,0,50,351.0648123,22.29570969,113.952,residential,"Island
",16,22,0,3,30,2,145,19289.26073,1310.726992,130821.6018,22876.47059,2973.941176,21084.139,2.3274,57.3557,115.7355644,0.29207,0.308707,0.01693,4.00E-06,1.20E-05,0.208918,0.000145,0.005023,0.009793,0.157086
15982,asphalt,yes,0,262.8428177,22.29305916,113.949683,residential,"Island
",16,30,0,3,38,3,255,19629.65319,957.941461,173257.2401,21499.62644,2794.951437,21065.0352,2.326,57.4186,117.7779191,0.199988,0.260488,0.006191,0.197301,0.065152,0.133375,0.000188,0,0.051109,0.082445
16096,asphalt,yes,0,95.98923115,22.336559,114.143829,primary,"Sham Shui Po
",17,99,3,0,178,5,278,1365.521611,409.663835,245798.0646,24800,3224,23095.4745,2.3504,57.2452,8.193129664,0.161727,0.346055,0.032117,0.183359,0.002266,0.045941,0.00432,0,0,0.062043
16114,concrete,yes,0,310.1261484,22.3290186,114.1665742,residential,"Sham Shui Po
",17,256,336,20,794,48,2948,1125.855595,384.9114767,364153.3034,19800,2574,21637.6812,2.1787,51.19,6.755133569,0.107477,0.36357,0.007844,0.030324,0.019625,0.399672,0,0.003086,0,0.00716
16212,asphalt,yes,0,340.6322104,22.3341475,114.1505349,tertiary,"Sham Shui Po
",17,150,35,2,318,19,1016,629.6692285,428.7091365,351929.4415,19383.33333,2519.833333,22292.7148,2.2405,54.1069,3.778015371,0.185836,0.30177,0.004754,0.002305,0,0.356379,3.50E-05,0.018742,0,0.003516
16265,asphalt,yes,100,313.5316533,22.32574229,114.1541763,motorway,"Sham Shui Po
",17,150,58,12,367,34,1937,840.5238439,87.62065666,232994.8297,22349.47222,2905.431389,22511.8533,2.2044,52.7805,5.043143063,0.25259,0.354738,0.006105,0,0,0.27952,0,0.01641,0,0.082309
16304,asphalt,yes,0,132.1492441,22.32751933,114.15873,trunk_link,"Sham Shui Po
",17,217,147,17,612,42,2369,649.274037,523.8586578,321864.778,13800,1794,22521.9779,2.208,52.8207,3.895644222,0.121277,0.384547,0,0.12709,0,0.156316,0,0.035879,0,0.004508
16313,asphalt,yes,0,220.5042034,22.32691268,114.1567168,secondary,"Sham Shui Po
",17,188,115,14,520,42,2369,675.6657831,317.5762147,240904.4184,22349.47222,2905.431389,22521.9779,2.208,52.8207,4.053994698,0.126273,0.358426,0.017188,0.124105,0.003914,0.276863,0.002043,0.000641,0,0.006059
16330,concrete,0,0,33.78308069,22.34090891,114.1731252,residential,"Sham Shui Po
",17,100,25,3,171,18,1405,1920.820191,517.5529382,507628.8522,41000,5330,24363.8729,2.2712,57.0999,11.52492114,0.11623,0.163164,0.246633,0.278617,0,0.186691,0.00116,0.00177,0,0
16336,asphalt,yes,70,131.335988,22.32890569,114.156852,trunk,"Sham Shui Po
",17,217,63,14,536,41,2300,455.9327255,429.0136388,320806.8742,12800,1664,22552.6786,2.2098,52.8664,2.735596353,0.227258,0.326645,0.00034,0.016023,3.90E-05,0.384828,0.004527,0.017547,0,0
16378,asphalt,yes,70,311.5814458,22.32958097,114.1558751,trunk,"Sham Shui Po
",17,200,61,10,507,40,2240,385.7361751,419.2865865,197864.1148,12800,1664,22365.1786,2.1964,52.5354,2.314417051,0.189367,0.33857,0.000152,0.048746,0.010793,0.286277,0.004902,0.053148,0,0.000812
16414,concrete,yes,0,309.7390574,22.33046467,114.157988,primary,"Sham Shui Po
",17,227,64,13,575,44,2705,319.8430024,465.2243822,277322.1382,12800,1664,22347.5113,2.1946,52.5007,1.919058015,0.175449,0.31566,0,0.201156,0.000172,0.084672,8.00E-06,0.021367,0,0.013363
16420,concrete,yes,70,112.3719415,22.341877,114.166628,trunk,"Sham Shui Po
",17,129,25,2,311,23,1435,1430.793906,1137.124635,161020.6579,30500,3965,24196.1417,2.2583,56.6592,8.584763434,0.221703,0.390297,0.000434,0.185906,0,0.006652,0.000277,0,0,0.105457
16488,asphalt,yes,70,274.3049646,22.3419198,114.1659674,trunk,"Sham Shui Po
",17,130,24,2,313,24,1479,1385.445959,1157.044831,156646.7673,30500,3965,24196.1417,2.2583,56.6592,8.312675754,0.263258,0.316203,0.001195,0.280652,0,0.01707,0,5.50E-05,0.03027,0.039633
16508,asphalt,0,0,117.9543437,22.34237894,114.1669818,unclassified,"Sham Shui Po
",17,123,23,2,301,21,1379,1495.523069,1093.933775,151819.122,30500,3965,24196.1417,2.2583,56.6592,8.973138412,0.045301,0.188461,0.067434,0.271828,0.01627,0.219859,0,0.005758,0,0.152211
16621,asphalt,0,0,184.2485297,22.33245159,114.1754234,secondary,"Sham Shui Po
",17,198,69,7,393,23,1677,1523.729016,507.1272333,517748.9799,25000,3250,25115.1328,2.2812,58.8766,9.142374094,0.083195,0.260898,0.104609,0.254594,0.031719,0.216094,0,0.005645,0,0.030867
16627,asphalt,yes,0,105.7340195,22.3358668,114.1493285,tertiary,"Sham Shui Po
",17,136,17,0,284,19,1016,805.8656508,206.5619928,351279.2023,19100,2483,22531.3781,2.2473,54.795,4.835193905,0.124258,0.26218,0.073391,0.024906,0.125156,0.318574,0,0.009211,0,0.000121
16691,concrete,yes,0,308.0107031,22.327478,114.1618688,primary,"Sham Shui Po
",17,237,256,20,756,46,2737,823.828729,362.2917468,370825.0751,10595,1377.35,22645.3045,2.2136,53.0231,4.942972374,0.052266,0.399746,0.003207,0,0,0.504078,0,0.004691,0,0
16711,concrete,0,0,245.7830028,22.33478889,114.173708,tertiary,"Sham Shui Po
",17,172,61,5,334,26,1651,1751.877616,333.6168297,446752.4304,23450,3048.5,24655.496,2.272,57.7024,10.5112657,0.199422,0.245426,0.044875,0.098688,0,0.358871,0,0.00075,0,0.036938
16826,concrete,yes,0,219.869967,22.32715683,114.1615814,secondary,"Sham Shui Po
",17,237,259,20,761,44,2587,831.7541864,403.2169232,370493.8577,10595,1377.35,22636.8356,2.21,53.0145,4.990525119,0.059699,0.368297,0.010176,0.016797,5.50E-05,0.470793,0,0.001871,0,0.001289
17058,asphalt,yes,0,78.53872586,22.39584972,113.977175,residential,"Tuen Mun
",18,70,1,2,104,19,1730,15227.90705,444.9281225,318054.1758,10766.66667,1399.666667,15500,2.1613,47.6293,91.36744231,0.100961,0.105758,0.078992,0.016898,0,0.467043,0,0,0,0
17185,0,yes,0,13.84379852,22.39516,113.9734655,residential,"Tuen Mun
",18,75,1,2,112,18,1470,15587.89592,64.05636036,325296.6817,16326.66667,2122.466667,15312.5,2.1562,47.3834,93.52737553,0.010246,0.198984,0.028418,0,0,0.570793,0,0.008617,0.018066,0.034555
17278,0,yes,0,71.68359423,22.37536207,113.9981498,tertiary,"Tuen Mun
",18,28,0,1,54,0,0,12787.58226,3363.52554,5590.131192,8033.333333,1044.333333,15828.5714,2.0952,55.8789,76.72549354,0.096934,0.251523,0,0.404215,0.005133,0.100426,0.003551,0.048324,0.033383,0.052316
17351,asphalt,yes,0,143.7167331,22.4049149,113.979139,secondary,"Tuen Mun
",18,74,2,2,88,14,807,15263.07221,788.8471177,255781.3704,11525,1498.25,15343.75,2.1875,48.2196,91.57843328,0.081352,0.217859,0.027594,0.349059,0.000887,0.074484,5.90E-05,0,0.039695,0.161004
17436,asphalt,0,0,240.9295053,22.37540188,113.9678889,residential,"Tuen Mun
",18,46,1,0,51,3,393,15899.98557,2207.699581,161444.1888,11800,1534,12605,2.1,46.3121,95.39991344,0.094723,0.222445,0.096719,0.011164,0.000445,0.460762,0,0.000426,0.009117,0.095379
17468,asphalt,0,0,54.64383721,22.3832206,113.9710946,residential,"Tuen Mun
",18,79,0,0,82,8,1017,15636.05809,1293.049707,321391.2236,13466.66667,1750.666667,15201.7857,2.0357,46.7037,93.81634855,0.024949,0.35227,0.035168,0.039559,0.003172,0.421758,0.007371,0.012496,0.007516,0.003637
17683,asphalt,0,0,73.38771767,22.4094306,113.9684401,residential,"Tuen Mun
",18,58,2,0,52,11,677,16458.63809,1049.768376,138156.9918,9500,1235,13253.8462,2.3077,47.0089,98.75182853,0.025699,0.253031,0.072543,0.193875,0.002566,0.222957,0.01541,0.006898,0.110414,0.06766
17708,concrete,0,0,72.03955647,22.39837051,113.9721803,residential,"Tuen Mun
",18,77,3,2,110,17,1086,15788.28007,408.9743928,311474.7555,13250,1722.5,15520.6897,2.1379,47.7297,94.72968044,0.12152,0.305613,0.020906,0.197762,0,0.273797,0,0.01682,0,0.008652
17750,asphalt,yes,0,13.28543873,22.3958434,113.9744957,tertiary,"Tuen Mun
",18,74,1,2,108,18,1470,15498.28872,193.9212734,325296.6817,15641.17647,2033.352941,15400,2.1,46.9718,92.98973234,0.057742,0.383016,0.01166,0.001266,0.00052,0.499535,0,0.001195,0,0.004168
17776,0,0,0,165.4573693,22.3863208,113.9799519,residential,"Tuen Mun
",18,57,0,2,78,9,1041,14770.83267,1176.195434,166783.4251,10800,1404,16250,2.0769,48.842,88.62499603,0.046117,0.262691,0.08973,0.191473,0.042938,0.337672,0,0,0,0.007613
17777,paved,0,0,14.62771269,22.39684169,113.9730576,cycleway,"Tuen Mun
",18,74,2,2,107,16,1222,15665.26568,230.5595489,318054.1758,16671.42857,2167.285714,15586.2069,2.1034,47.3068,93.99159411,0.209047,0.309203,0.001625,0.00218,0,0.354902,0,0.066926,0,0.040695
17788,0,0,0,111.5961941,22.4028579,113.9790747,residential,"Tuen Mun
",18,82,2,2,93,12,756,15211.03846,1014.883476,263987.1438,11525,1498.25,15343.75,2.1875,48.2196,91.26623076,0.08793,0.204793,0.010641,0.097625,0.000285,0.106516,0,0.003453,9.00E-05,0.024559
17921,0,yes,0,326.9685127,22.36873949,113.9957114,primary,"Tuen Mun
",18,28,0,1,47,0,0,13016.61383,3710.132224,5590.131192,15800,2054,15828.5714,2.0952,55.8789,78.09968297,0.190531,0.348469,0.005391,0.115797,0.016711,0.17491,0.000676,0.011012,0.00943,0.056762
17923,asphalt,yes,0,310.2896191,22.3947065,113.9764127,trunk_link,"Tuen Mun
",18,72,1,2,113,19,1730,15280.38985,349.8058445,292998.3496,10575,1374.75,15500,2.1613,47.6293,91.68233912,0.168043,0.40734,0.005227,0.051594,0.000207,0.332836,0,0.007207,0,0.019344
17929,asphalt,0,0,92.76502304,22.38322732,113.9719818,residential,"Tuen Mun
",18,79,0,1,86,8,1017,15545.26394,1281.509357,246698.8161,13466.66667,1750.666667,15201.7857,2.0357,46.7037,93.27158365,0.124727,0.283059,0.08018,0.164723,0.067914,0.089465,0.000219,0.051457,0.000844,0.004301
17963,asphalt,yes,0,257.1430509,22.3726181,113.9683814,tertiary,"Tuen Mun
",18,34,1,0,47,2,177,15837.66129,2497.915731,155058.493,10000,1300,12894.4444,2.1111,47.3186,95.02596772,0.056559,0.391641,0.039438,0.031465,0.00034,0.468801,0.000926,0,0,0.005211
